Code,State,Products,Amount_products,Client,Delivery,Date_and_time,Client_comments
8872178150,NYSE,Maroon,1,Melinde Shaw,Inessa Luff,3:25 AM,Panghadangan
0175021813,NASDAQ,Turquoise,2,Ephrayim Nissle,Nap Loxly,11:43 AM,Arauco
2874941891,NASDAQ,Aquamarine,3,Beale O'Lunney,Zena Hastings,1:28 AM,Vanadjou
9593073604,NYSE,Purple,4,Peggi Mance,Kriste Limer,12:33 AM,Nanmuping
1152600656,NYSE,Aquamarine,5,Gannon Uebel,Halli Gouck,11:26 AM,Chenfangji
4585396535,NYSE,Indigo,6,Silvana Gordge,Sally Dobsons,2:36 AM,Nanying
7599829571,NYSE,Aquamarine,7,Alexia Hinz,Mariele Pifford,11:10 AM,Beishan
0006964443,NASDAQ,Purple,8,Bar Picard,Federico Gerran,4:09 PM,Cibolang
8455907002,NASDAQ,Crimson,9,Marys Acuna,Devlin Coller,12:54 AM,Lecheng
8216328605,NASDAQ,Yellow,10,Suzy Cansdell,Gaven Carneck,2:20 PM,Babasakhib
7075646826,NYSE,Maroon,11,Vallie Scoggin,Koo Wilmot,8:28 AM,Şānūr
6959291275,NYSE,Maroon,12,Izaak Gallichan,Laurette Snelgrove,10:23 AM,Jundian
0186153988,NYSE,Khaki,13,Lucais Iddison,Allene Cushelly,7:43 AM,Dashiju
9459139094,NYSE,Green,14,Trey McIlriach,Marve O Mullen,9:21 PM,Jiexiu
6050480990,NASDAQ,Violet,15,Dehlia Gumb,Wileen Sell,7:47 PM,Hongshan
4273970643,NYSE,Purple,16,Hanni Orbon,Jazmin Spinola,5:42 PM,Dobra
3874187780,NASDAQ,Maroon,17,Zsazsa Grigori,Rolph Deane,5:34 AM,Sūrak
5703798744,NASDAQ,Violet,18,Binnie Clarey,Catriona Casa,1:45 PM,Ljusdal
9290068728,NYSE,Pink,19,Karen Trodler,Drusy Sunter,9:12 PM,Xo’jayli Shahri
8209348434,NASDAQ,Green,20,Audrey Adhams,Lynne Grigson,5:39 PM,Yangchun
6517947485,NYSE,Indigo,21,Garwood Broadhurst,Brenda Wallwork,2:41 PM,Aībak
0021389020,NASDAQ,Violet,22,Dusty Marquez,Moritz Gowling,4:29 AM,Bjuv
3788805854,NASDAQ,Puce,23,Martin Worcester,Hayley Daldan,6:07 PM,Arcos
6230877430,NYSE,Fuscia,24,Wolfgang Higford,Cly Wathen,4:58 AM,Fauske
1716306191,NYSE,Yellow,25,Eldridge Bewicke,Norrie Reidshaw,2:08 AM,Cayenne
8710687866,NASDAQ,Orange,26,Richart Kinnaird,Veronique Gilbey,8:12 PM,Qinnan
6764823502,NASDAQ,Teal,27,Peggi Iohananof,Griffin Akhurst,4:13 PM,Guozhen
3837693457,NYSE,Aquamarine,28,Leila Shales,Aubrey Pedroni,6:21 AM,Ormstown
7596662668,NASDAQ,Indigo,29,Eugene Sergeant,Gabriel Philbrook,10:33 AM,Mitrovicë
3451164787,NYSE,Red,30,Lilli Ledster,Skelly Manson,1:03 PM,Jiebu
5919355433,NYSE,Turquoise,31,Wendye McKeeman,Kelila Abela,4:56 AM,Cusapín
0694451266,NASDAQ,Indigo,32,Moyra Kingstne,Costanza Stoddard,1:44 AM,Lamut
1562054899,NYSE,Orange,33,Gayel Bussens,Ody Noton,7:14 AM,Täby
7395798627,NASDAQ,Indigo,34,Evelyn Van der Son,Lamond Milliere,9:55 AM,Vladislav
3499499436,NASDAQ,Purple,35,Berenice Huxstep,Lizabeth Raspin,2:14 AM,Kaduketug
4748912804,NYSE,Orange,36,Rickie Goodship,Allie Lincey,11:45 PM,Hebi
8749955454,NASDAQ,Crimson,37,Linnell Ortes,Candie Ashingden,7:39 AM,Hefu
0959881298,NYSE,Teal,38,Cecily Stinson,Rutger Gerran,1:40 AM,San José de La Montaña
1276632215,NYSE,Red,39,Phaidra Sillick,Thain Krysztofowicz,6:53 AM,Lattes
5130067193,NASDAQ,Aquamarine,40,Misti Lindgren,Nefen Spancock,9:40 PM,Shanjeev Home
2499898348,NYSE,Crimson,41,Nicoli Cinnamond,Walther Rottger,6:04 AM,Västerås
2944747827,NASDAQ,Red,42,Shannon Walczak,Caye Yerson,4:36 PM,Tiên Phước
9082272075,NYSE,Pink,43,Orazio Hucker,Debee Ciepluch,4:02 AM,Ningxi
5295170691,NYSE,Mauv,44,Alisa Battrick,Olva Pegram,3:31 PM,Yushikalasu
5427252843,NYSE,Teal,45,Briny Satyford,Veronique Dabling,1:32 PM,Bayt Sāḩūr
3631079176,NYSE,Indigo,46,Eldon Poulston,Corty Swinyard,5:19 AM,Mayang
5950174127,NASDAQ,Aquamarine,47,Maureen Delf,Mattie Desport,12:31 PM,Tanahedang
0055161901,NASDAQ,Aquamarine,48,Wright Duddle,Tripp Steaning,11:56 PM,Taloy
6443406567,NYSE,Teal,49,Byran Merioth,Edwin Bulfield,12:18 PM,Mulifanua
9929563628,NASDAQ,Indigo,50,Richmound Earle,Lynelle Van Dalen,8:14 PM,Luan Balu
4503498371,NYSE,Goldenrod,51,Shalom Bonds,Oriana Bugden,10:18 AM,Lazaro Cardenas
3052936247,NYSE,Mauv,52,Nikolas Eleshenar,Perry Nother,11:19 PM,Tobi Village
1844984664,NYSE,Turquoise,53,Dre Henker,Christiano Cicero,3:31 PM,Azueira
7889874782,NYSE,Blue,54,Hersch Well,Sherrie Dalliwater,3:39 PM,Acandí
9158400559,NYSE,Purple,55,Cherri Lamborn,Odille Kliemke,4:47 AM,Qiaojia
6352677274,NYSE,Orange,56,Hatty Auckland,Arluene Jorn,2:27 AM,Nevers
7398868529,NASDAQ,Violet,57,Jewel Paireman,Callie Harvett,5:58 PM,Västerås
6989220589,NYSE,Teal,58,Vincenty Saffle,Elisabeth Blayney,4:28 PM,Căuşeni
1186604891,NASDAQ,Puce,59,Corrianne Folomin,Zorana Jeays,3:12 PM,Xinzhu
6869749906,NASDAQ,Blue,60,Angus Colledge,Reggis Hardan,5:56 AM,Valado dos Frades
2657046762,NYSE,Aquamarine,61,Tabina Skey,Leisha Sissot,9:46 AM,Rumbek
5461295886,NASDAQ,Violet,62,Jenn Wishkar,Verla Lott,6:22 PM,Shuiyang
2670539513,NASDAQ,Aquamarine,63,Truman Abrahams,Gabriella Weetch,5:57 PM,Kista
8721788596,NASDAQ,Mauv,64,Bill Bothbie,Danica Seamarke,4:52 PM,Hetou
6421591132,NYSE,Blue,65,Donelle Castletine,Marlee Kennler,3:57 AM,Hohoe
5297261805,NYSE,Blue,66,Ed Skellion,Feliza Jakubowski,9:38 PM,Colomi
7999300373,NYSE,Khaki,67,Gavrielle Verdun,Erroll Reape,2:52 AM,Xinglong
6632847870,NASDAQ,Purple,68,Winslow Tassell,Edeline Nortunen,4:43 AM,Seto
2043222295,NYSE,Yellow,69,Charley Carette,Pavlov Geere,3:14 PM,Halton
0671180169,NASDAQ,Violet,70,Jojo Lidgett,Talia Urien,4:37 AM,Huagu
8280895582,NASDAQ,Violet,71,Peria Castri,Helen Markie,5:01 AM,Charlottesville
6577681643,NYSE,Blue,72,Delcine Itzchaky,Doll Le Noury,11:50 AM,Tongguan
1983576182,NYSE,Red,73,Desmond D'Ambrosi,Sibylle Bridgman,7:13 AM,Wangi
5602255338,NASDAQ,Fuscia,74,Cathy Carey,Kaiser Ledwich,6:14 PM,Lady Grey
1760540315,NASDAQ,Goldenrod,75,Rik Killeley,Saxon Pringley,9:45 PM,Rinbung
4293771816,NASDAQ,Pink,76,Kellina Taks,Rem Pennaman,3:06 PM,Kawangkoan
2137342421,NYSE,Turquoise,77,Keith Greenleaf,Sigrid Megson,11:53 PM,Vallentuna
2319503307,NYSE,Khaki,78,Aridatha Pears,Jenn Basant,7:10 AM,Valença
4591600297,NYSE,Violet,79,Denney Salway,Kristine Chataignier,6:30 PM,Stockholm
8589680509,NYSE,Fuscia,80,Thaddeus Klaesson,Leonie Hawkett,6:12 PM,Esposende
1616016833,NASDAQ,Mauv,81,Yvor Wolvey,Neall Wren,8:39 PM,Punta de Piedra
8544860567,NASDAQ,Indigo,82,Markos Dust,Sherline Flattman,7:42 AM,Concepcion
9892799100,NYSE,Crimson,83,Vassili Booth-Jarvis,Talyah Stell,1:35 AM,Krajan Langenharjo
5184521429,NYSE,Fuscia,84,Nanni Crolly,Biddy Bourgaize,3:27 PM,Tucumã
6720362119,NASDAQ,Goldenrod,85,Devland Smethurst,Langsdon Ricarde,3:29 AM,Mberubu
2164711637,NASDAQ,Puce,86,Ainslie Askie,Candice Birt,3:50 AM,Trondheim
7367491504,NASDAQ,Purple,87,Nikolai Rayhill,Svend Gillbard,12:13 AM,Envira
6637298743,NASDAQ,Yellow,88,Jemmie Rickson,Casie Gruszka,8:45 PM,Xin’an
0329875426,NASDAQ,Orange,89,Pablo Sirett,Marcus Filoniere,2:26 AM,Punta Gorda
4836796784,NYSE,Violet,90,Reyna Theml,Beale Likely,2:48 AM,Simo Satu
1416984011,NYSE,Turquoise,91,Pavia Cancott,Gianina Dureden,4:14 AM,Memória
5268810278,NYSE,Goldenrod,92,Caye Tolerton,Essy Noraway,5:42 PM,Ban Mo
2655991486,NYSE,Aquamarine,93,Delcina Gatheral,Ethelred Trewett,1:34 AM,Floresta
3410239073,NYSE,Puce,94,Mathilde Gioani,Willie Pouton,2:29 PM,La Reforma
8411053237,NASDAQ,Puce,95,Gwenni Janoschek,Glynn MacGiolla Pheadair,5:58 AM,Porto-Novo
6979718878,NYSE,Red,96,Malinde MacCague,Livy Ecob,10:23 AM,Pereyaslav-Khmel’nyts’kyy
0447415522,NASDAQ,Indigo,97,Lorita Bunten,Les Woolham,12:50 PM,Elena
0151199310,NYSE,Teal,98,Cloris Boodle,Esme Joll,10:43 PM,Malbork
8620748726,NASDAQ,Violet,99,Clara Moorton,Nathalie Dole,12:58 AM,Hancheng
3687256081,NASDAQ,Goldenrod,100,Brandice Patria,Moselle Redhouse,9:56 PM,Tianmen
1886442959,NASDAQ,Red,101,Millard Baldock,Janeczka Borrowman,11:15 PM,Binzhou
4313911294,NASDAQ,Goldenrod,102,Eduard Dogerty,Zenia Stoyell,8:34 AM,Manas
7400524135,NASDAQ,Goldenrod,103,Bette-ann Adamski,Corty Dundridge,5:25 PM,Lingcheng
7260286946,NASDAQ,Violet,104,Harlie Ajean,Zilvia Lightning,7:08 PM,Penghu
1185571140,NYSE,Khaki,105,Channa Rablan,Blake Powles,3:40 PM,Jiujie
6085457979,NASDAQ,Maroon,106,Phaidra Hillum,Honoria Seiffert,6:33 AM,Plyussa
2009113985,NYSE,Orange,107,Bjorn Konzelmann,Basilius Mixhel,11:09 AM,Daqiao
0743588738,NYSE,Teal,108,Ardra Banton,Bevin Loisi,9:35 AM,Mogilany
6736434807,NYSE,Red,109,Fran Slym,Fitz Earthfield,5:25 AM,Libmanan
3312442710,NYSE,Yellow,110,Sigvard Tukesby,Yvor Fulbrook,9:40 PM,Az Zaytūnīyah
0702927309,NYSE,Pink,111,Brynna Clempton,Carmen Garroway,3:25 AM,Ngadipuro
2081333538,NYSE,Blue,112,Leonie Marcq,Con Pauncefoot,1:43 AM,Oxelösund
6417349136,NYSE,Maroon,113,Linette Vearncomb,Loralie Rowling,9:56 AM,Xijiang
9668272110,NYSE,Puce,114,Willie Portam,Kai Cawdell,3:08 AM,Nóvita
5245782278,NASDAQ,Crimson,115,Euphemia Yelden,Roseline Methley,5:49 PM,Ergates
6096557775,NYSE,Turquoise,116,Fifine Chafney,Melesa Mees,4:25 AM,Cherkasskoye
4158511623,NYSE,Maroon,117,Rosie Lovell,Gilburt Itzcovichch,12:08 PM,Bílovice
7963916315,NASDAQ,Pink,118,Mickie Bernt,Tabina Mars,2:37 AM,Ojo de Agua
3543226703,NYSE,Crimson,119,Tally Rey,Tish Vaudrey,4:09 PM,Miami
0393255735,NYSE,Khaki,120,Tadd Stentiford,Diannne Stolberg,2:24 AM,Changbu
7106967564,NYSE,Puce,121,Dickie Sor,Sibel Osbidston,11:13 AM,Kuroiso
5589960193,NASDAQ,Crimson,122,Warde Mengo,Luisa Dyne,12:17 PM,Kayan
6341920032,NYSE,Blue,123,Anabella Hinchcliffe,Boony Nestle,4:07 PM,Pajé
6183771228,NYSE,Yellow,124,Eveline Stanyforth,Kale Strickett,5:13 AM,Stará Ves nad Ondřejnicí
9696694555,NYSE,Mauv,125,Marilee Francesch,Juliana Trevor,6:57 PM,Soledade
2889602842,NASDAQ,Green,126,Seka Piggford,Zsazsa Astbury,8:27 PM,Illapel
3735382975,NYSE,Puce,127,Gayleen Probbin,Karlen Wingate,12:17 PM,Wulong
6886759507,NYSE,Mauv,128,Ingelbert Goodredge,Laurent Lucas,7:28 PM,Jiqu
0507776593,NYSE,Orange,129,Jamal Espinay,Misty Brewood,6:51 AM,Donabate
7027739275,NASDAQ,Purple,130,Claribel Biermatowicz,Bel Le Galle,3:00 AM,Shisui
8717160030,NASDAQ,Violet,131,Tomlin Woollcott,Bili Wieprecht,3:00 AM,Shuitianzhuang
5688884517,NASDAQ,Pink,132,Nollie Menichillo,Yulma Grover,4:28 PM,Candelaria
9571831581,NYSE,Turquoise,133,Gerrie Saph,Eudora Trowbridge,12:42 AM,Xike
6375100771,NASDAQ,Violet,134,Brennen Haselup,Darbee Eskriett,12:28 PM,Shaping
9953712670,NASDAQ,Pink,135,Shane Jirek,Clemmie Romand,3:25 PM,Lady Grey
5647711979,NYSE,Fuscia,136,Tessa Beedle,Essa Aartsen,2:05 PM,Qiancang
5244249592,NYSE,Violet,137,Korie Waterhous,Sybil Gannicleff,7:18 AM,Pailou
3071283547,NYSE,Indigo,138,Michele Hourihane,Audy Bidgod,7:42 PM,Seteluk Tengah
3005460592,NASDAQ,Indigo,139,Marie-jeanne Townrow,Gael Jery,7:06 PM,Abadiânia
6522224607,NASDAQ,Purple,140,Sholom McKennan,Al Marton,1:20 PM,Khyzy
9662046755,NYSE,Teal,141,Hershel Vasechkin,Fan Allanson,12:49 PM,Kalahang
7578393197,NYSE,Green,142,Kary Bambridge,Sile Sanger,3:29 AM,Kwangju
5354478707,NYSE,Goldenrod,143,Rufus Ivashov,Brietta Dorrell,12:31 AM,Shimen
8966238718,NASDAQ,Aquamarine,144,Cissy Mirams,Lalo Shotton,9:21 AM,Tilburg
3121397826,NASDAQ,Mauv,145,Ardelia Forstall,Mason Justun,5:57 AM,Carolina
4369229049,NYSE,Teal,146,Currey Sandyford,Jake Greenside,3:24 PM,Lillooet
3144061182,NASDAQ,Turquoise,147,Jehanna Kofax,Monique Letts,3:43 PM,Lefkímmi
9301313626,NYSE,Goldenrod,148,Hubey Pagnin,Hephzibah Henaughan,6:09 PM,La Mesa
7714492236,NASDAQ,Khaki,149,Lorin Hiscocks,Lanie Kynoch,2:52 PM,Riosucio
2935900154,NYSE,Indigo,150,Aubrie Gossop,Hailee Benyon,7:23 PM,Västervik
4678474684,NASDAQ,Green,151,Drusie Pinsent,Waite Christophers,7:00 AM,Nkove
2310162973,NYSE,Puce,152,Tally Groundwator,Bondie Duplan,5:48 PM,Vingåker
9896715750,NASDAQ,Red,153,Clevey McGrady,Jannel Maypowder,11:59 AM,Cileles
6091435116,NYSE,Purple,154,Maje Kearley,Georgie Herculson,5:01 AM,Quinta de Valadares
8078519451,NYSE,Indigo,155,Annette Hucke,Filippa Tanser,5:03 PM,Shaochang
7971525540,NYSE,Fuscia,156,Candra Kleinhandler,Amil Willoughley,1:55 PM,Itapecuru Mirim
6843372708,NASDAQ,Green,157,Hayden Draayer,Neddie Iacovolo,9:41 PM,Khanāşir
6751690428,NASDAQ,Purple,158,Ravi Camois,Evyn Bonnavant,11:42 AM,Bambanglipuro
2594899569,NASDAQ,Green,159,Maximilian Dessant,Vassily Lauret,9:56 PM,Golem
6565197008,NYSE,Puce,160,Billie Darwood,Megan Goeff,5:09 PM,Salgar
7962771577,NYSE,Pink,161,Dehlia Hosier,Pattie Thonger,3:29 PM,Hrvace
8417556427,NYSE,Orange,162,Mason Greig,Dolph Lapsley,7:51 PM,Kampala
8355288777,NYSE,Aquamarine,163,Vasilis Ough,Aimil Kembery,10:53 PM,Sala
0738315273,NYSE,Goldenrod,164,Trstram Dewis,Marleen Sprouls,3:41 PM,Subulussalam
7438230015,NYSE,Yellow,165,Filberte Dullaghan,Melinda Yarrow,2:27 AM,Jinchuan
4692378956,NYSE,Fuscia,166,Eloise Schelle,Phil Ceyssen,2:21 PM,Xibei
9239104100,NASDAQ,Blue,167,Naomi Bister,Shelba Taylerson,2:59 AM,Bassar
2455219380,NYSE,Blue,168,Betty Sandeman,King Cheesworth,10:41 AM,Arcos
9842594874,NASDAQ,Crimson,169,Aluin Stirley,Wanids Mitchelhill,5:40 AM,Shilaoren
8698934900,NASDAQ,Fuscia,170,Madelena Jacobowicz,Tabby Bernardeschi,12:13 PM,Hanchang
0209669195,NYSE,Aquamarine,171,Darnell Cawsey,Marco Wimpey,1:59 AM,Medenychi
0381799158,NASDAQ,Aquamarine,172,Bayard Christopher,Wini Franzonetti,2:58 PM,Xuexi
2441132911,NASDAQ,Khaki,173,Holly Cayette,Brynna Pettyfar,10:44 PM,Staré Město
1936941295,NASDAQ,Turquoise,174,Annabell Wingeatt,Kimble Clymo,10:52 PM,Tentúgal
0068631510,NYSE,Turquoise,175,Goran Western,Ashlee O'Towey,10:55 AM,Longba
9947428982,NYSE,Crimson,176,Ardella Chene,Mahmud Bouskill,8:51 AM,Rychwał
5249985629,NYSE,Pink,177,Sandy Firbank,Willette Korn,6:20 AM,Pangascasan
7984097607,NYSE,Orange,178,Alexina Harberer,Cary Offer,7:46 PM,Uzda
3238131516,NASDAQ,Turquoise,179,Rufe McKennan,Devin Lindenboim,7:16 AM,Złota
1176002473,NYSE,Indigo,180,Lennie Kraft,Davine Dennidge,1:48 AM,Colmar
3289458407,NYSE,Green,181,Syd Dymoke,Jock Ludmann,10:44 AM,Wenquan
0456819525,NYSE,Teal,182,Meggie Louche,Cleveland Mercer,1:58 PM,Vardane
9703175597,NASDAQ,Orange,183,Gustav Neubigging,Elsy Coucher,12:53 AM,Liandu
8658587347,NASDAQ,Maroon,184,Evin Sturte,Mercedes Temblett,4:30 PM,Sanming
6812895474,NASDAQ,Khaki,185,Bea Reinbach,Rosanna Vyse,4:38 PM,Kurumkan
6248338582,NASDAQ,Pink,186,Pauline Cushworth,Baron Danilchik,3:34 AM,Ibabang Tayuman
3055008278,NASDAQ,Turquoise,187,Saree Bonde,Milli Faulks,6:47 PM,Obiaruku Quarters
9415034521,NYSE,Teal,188,Jackie Ollive,Mickey De'Vere - Hunt,10:39 PM,Youyang
8179965031,NYSE,Indigo,189,Fionnula Sire,Ailee Diano,7:57 AM,Shōbara
4015767683,NYSE,Violet,190,Otho Petrovsky,Warren Frank,4:23 PM,Peyima
9259853729,NASDAQ,Crimson,191,Carmella Kerry,Chandal Cupitt,10:48 PM,Ambarita
2901921809,NYSE,Aquamarine,192,Antonio Segge,Dorise Isles,10:57 AM,Taldom
8496558401,NASDAQ,Turquoise,193,Tandy Kerwick,Christabel Laughrey,11:20 AM,Hengjing
8742329647,NASDAQ,Violet,194,Laryssa Pechet,Harmony Georgeau,1:38 PM,Pantaihambawang
6878441757,NYSE,Teal,195,Bobbie Riggoll,Velvet Shepherdson,9:59 PM,Wenping
1637565925,NYSE,Goldenrod,196,Charlean Faithfull,Flossi Danser,7:34 PM,Tobatí
3524913032,NASDAQ,Purple,197,Johnette Fugere,Cyril Gimblet,4:03 PM,Cuito
1330096851,NYSE,Crimson,198,Mile Lyver,Nicolai Garlic,1:26 PM,Sindangsuka
8582660960,NASDAQ,Orange,199,Erv Kalinsky,Edouard Gonthard,11:32 PM,Beixin
6342326851,NYSE,Pink,200,Major Hazard,Newton Harford,3:07 AM,Gushui
0544652460,NYSE,Blue,201,Tasha Pheazey,Jerad Kopisch,2:29 PM,El Pino
1814157883,NYSE,Yellow,202,Baillie Joan,Miquela Antalffy,7:39 AM,Xiong’erzhai
2899409301,NASDAQ,Puce,203,Evelin Osorio,Tami Pettitt,2:02 PM,Néa Ionía
5688313129,NASDAQ,Goldenrod,204,Frederick Luxen,Mathian Hanhart,1:18 AM,Bobowa
7981789079,NYSE,Crimson,205,Jeniece Bayles,Dionne Ohlsen,10:22 PM,Asyūţ
1351535668,NASDAQ,Violet,206,Alf Benech,Hartley Bankhurst,8:59 PM,Hevlín
2492793524,NASDAQ,Violet,207,Waiter Krystof,Laure Healeas,3:44 AM,Belén de los Andaquíes
5335794976,NYSE,Blue,208,Huntlee Norvill,Karolina Mosby,10:10 PM,Arujá
6008278062,NASDAQ,Khaki,209,Mariann Elijah,Cilka Guisler,4:11 PM,Banyumas
5351834731,NASDAQ,Crimson,210,Ardath Kinnane,Heddie Luckhurst,3:36 AM,Tianjiazhuang
4659386015,NASDAQ,Blue,211,Lowell Vecard,Othello Andrejs,1:54 AM,Linköping
0075140136,NASDAQ,Violet,212,Mackenzie Di Francesco,Taber Shervil,9:39 AM,Xinpeicun
9947777774,NASDAQ,Aquamarine,213,Stanislaw Oxbe,Herman Skitterel,8:47 PM,Jiaomingsi
3022604041,NASDAQ,Goldenrod,214,Edithe Jaine,Piggy Stenhouse,12:44 AM,Watulumbung
5207725947,NYSE,Maroon,215,Osmond Shinfield,Lanna Yushachkov,1:46 AM,Garagoa
0747284369,NYSE,Purple,216,Lazarus Childrens,Parry Blacklock,1:07 AM,Independencia
0998368687,NASDAQ,Blue,217,Merrilee Elce,Vikky Husset,7:54 PM,Ludza
6209481248,NASDAQ,Puce,218,Otha Kondratyuk,Helen-elizabeth Twycross,6:14 AM,Cañas
4798326607,NYSE,Fuscia,219,Selena Davson,Ddene Casarino,3:01 PM,Sembalunbumbung
7546565677,NASDAQ,Aquamarine,220,Tobie Testo,Brittni Attree,3:26 PM,Patpata Segundo
0231306830,NYSE,Pink,221,Jennifer Swannell,Charlena Caslake,4:49 PM,Tacheng
7072185135,NYSE,Puce,222,Vidovik Boyne,Charlot Badrock,9:25 PM,Lajeosa do Mondego
8517238222,NASDAQ,Maroon,223,Padgett Callingham,Haze Abrashkov,11:19 AM,Cantilan
9473835213,NYSE,Purple,224,Joelie Braganca,Skell Greatrex,2:48 PM,Cigarogol
3724427646,NYSE,Turquoise,225,Carolin Jenton,Akim Bucher,6:25 AM,Leloboko
7305488933,NASDAQ,Indigo,226,Raeann Croley,Emeline Bealing,10:50 PM,Manggissari
9563911172,NASDAQ,Khaki,227,Nataniel Curling,Richy Baker,4:20 PM,Stará Huť
0763107735,NASDAQ,Aquamarine,228,Gabbey Jorden,Lilas Stanislaw,6:19 AM,Wangqingtuo
4845560674,NASDAQ,Maroon,229,Coop Palay,Genni Nolleau,7:53 AM,Basiong
3104183678,NYSE,Pink,230,Meryl Kopp,Wenona Maultby,12:11 PM,Atuntaqui
4072784591,NASDAQ,Goldenrod,231,Valery Dayton,Colene Jacobowitz,1:03 PM,New Bedford
2506941401,NASDAQ,Fuscia,232,Zilvia Vaar,Hazel MacEntee,4:11 PM,Bang Kho Laem
0635151626,NYSE,Aquamarine,233,Sharon Jzak,Kinna Spinage,1:12 AM,Taquile
6540402287,NASDAQ,Indigo,234,Elfrieda Hallibone,Candice Poter,5:10 PM,Shcherbinka
8990876389,NASDAQ,Purple,235,Haskel Smitten,Westleigh Labitt,6:04 AM,Ngulahan
6045745027,NASDAQ,Turquoise,236,Edythe Ainsley,Hunt Guinane,1:31 AM,Västra Frölunda
9355336705,NYSE,Puce,237,Corry Copes,Onfre Kopp,6:33 PM,Getazat
2843525950,NASDAQ,Pink,238,Mariquilla Reveland,Cinderella Buller,1:33 AM,Mantingantengah
2774467489,NYSE,Fuscia,239,Georgiana Salisbury,Cinnamon Edgerton,10:45 AM,Cochabamba
4939330656,NYSE,Yellow,240,Raye Koeppe,Alleyn Bootland,1:18 AM,Glencoe
8613012078,NASDAQ,Pink,241,Aylmer Cotes,Inesita Canning,10:17 AM,Lahan Sai
0082080178,NYSE,Purple,242,Wilburt Sommerlin,Nanny Kilrow,2:28 AM,Centre de Flacq
9326315401,NYSE,Violet,243,Chic Cucuzza,Daisy Hallin,7:41 AM,Kryevidh
3554766593,NASDAQ,Red,244,Stevy Franzke,Bernadina Staniforth,5:08 PM,Dome
9345936572,NASDAQ,Green,245,Randy Steaning,Gunther Vittori,4:01 AM,Malakal
1398519774,NASDAQ,Green,246,Wilone Cragoe,Lammond Cheng,6:11 PM,João Alfredo
3940880590,NASDAQ,Teal,247,Bree Clemensen,Simonne Patemore,6:48 AM,Zhongzhang
5268220004,NASDAQ,Purple,248,Ema Van de Velde,Nadya Prime,12:36 PM,Kalaxilike
1830374567,NYSE,Mauv,249,Jsandye Jiles,Benoite Brotherton,9:27 PM,Banakaja
5822156894,NYSE,Indigo,250,Anestassia Gavagan,Shaylyn Gabel,10:32 AM,Klirou
9820956137,NYSE,Indigo,251,Meagan Peinke,Clywd Goodee,9:01 PM,Anfusi
2201867577,NASDAQ,Pink,252,Maison Howe,Mace Gianullo,6:01 PM,Mbandaka
8584473068,NYSE,Goldenrod,253,Jeniece Petasch,Gawen Bardill,7:49 PM,Shiliting
1798927748,NASDAQ,Pink,254,Olva Passo,Baron Castiglione,1:09 PM,Sibucao
6351449170,NASDAQ,Purple,255,Marcia Fletham,Kikelia Inchbald,7:28 PM,Zaklików
1161420134,NASDAQ,Khaki,256,Sandie Garley,Darlleen Scemp,2:18 PM,Liulihe
2155752814,NYSE,Yellow,257,Devland Carhart,Tann Danielski,5:49 AM,Krojo
6916691891,NASDAQ,Indigo,258,Vincenty Gaiger,Artemus Shackle,2:43 PM,Soko
6948158811,NASDAQ,Purple,259,Joann Linley,Ottilie Melbourn,10:50 AM,Bribir
8535832505,NASDAQ,Mauv,260,Feliza Webby,Adolph Droogan,2:50 PM,Frankfurt am Main
9764333362,NASDAQ,Mauv,261,Reuben Pieper,Dulcea Ledner,8:27 PM,Cajueiro
7021056370,NASDAQ,Puce,262,Johnathon Duffie,Jarid Steedman,3:08 AM,Kez
4479537821,NASDAQ,Orange,263,Coriss Sausman,Ginnifer Mulran,7:27 AM,Lahat
7955183037,NYSE,Red,264,Heather Brambill,Bentley Fulton,11:34 AM,Hinunangan
0374703108,NYSE,Crimson,265,Xaviera Osgar,Dena Grinyov,8:55 AM,Rantīs
8924368850,NASDAQ,Maroon,266,Riordan Badrick,Wilek Ubsdall,5:16 PM,Khŭjand
4641958424,NYSE,Indigo,267,Deanna Jagiela,Gabie Corless,7:37 PM,Duisburg
6162485781,NYSE,Violet,268,Heywood Steeden,Oralle Matterson,11:35 PM,Itanhaém
8605260955,NASDAQ,Pink,269,Ruthi Mityukov,Worden Learmount,12:01 PM,Yanghu
9789060432,NYSE,Fuscia,270,Chloe Shovell,Cyrus Pairpoint,5:05 PM,Iracemápolis
4297476290,NASDAQ,Khaki,271,Sianna Kirby,Laverna Clymo,9:30 AM,Panzhou
7451240770,NASDAQ,Puce,272,Charlean Readett,Berkie Philler,6:28 PM,Hecun
0040704696,NYSE,Red,273,Viviana Muffen,Kat Hullock,12:44 PM,Wushishi
3337671691,NASDAQ,Maroon,274,Lelia Treagust,Saul Loomis,1:08 AM,Ibarra
7467605811,NASDAQ,Indigo,275,John Lacky,Amos Larkins,1:31 PM,Ledeunu
0553806823,NASDAQ,Mauv,276,Alasdair Itzik,Garvey Kuhlen,1:15 PM,Alverca do Ribatejo
5220001620,NASDAQ,Indigo,277,Taber Hymans,Abner Seabert,5:27 AM,Kajiado
9879290631,NASDAQ,Puce,278,Blair Lanfer,Danie Withrop,2:32 PM,Eha Amufu
7637367177,NASDAQ,Turquoise,279,Carey Cleaton,Avigdor Coskerry,2:30 PM,Davydovo
9996461947,NASDAQ,Indigo,280,Kelley Bynold,Stewart Aicken,2:53 PM,Batawa
5227667322,NYSE,Aquamarine,281,Meredithe Durn,Danny Radmer,11:08 AM,Rasskazovo
1770915281,NASDAQ,Puce,282,Carlene MacAskill,Barnett Marchent,6:19 PM,Arroyo Naranjo
0522972624,NYSE,Purple,283,Zak Champkins,Anjanette Barnewall,5:33 AM,Kaduy
0914925962,NASDAQ,Puce,284,Belva Sparkwell,Ansell Reddie,3:09 AM,Hadyach
0372688179,NYSE,Maroon,285,Ring Peto,Faustina Hold,10:06 AM,Ülken
8448036700,NASDAQ,Crimson,286,Perl Petrozzi,Kaleb Sacher,4:17 AM,Mekkaw
2109909129,NYSE,Maroon,287,Matelda Jovasevic,Aldin Esler,2:48 AM,Steinkjer
9622794483,NYSE,Red,288,Burnard Alkins,Emlyn Boxen,8:03 AM,Zengtian
5599962512,NYSE,Red,289,Siana Mc Dermid,Cammy Pepler,1:06 AM,Changhao
7537950113,NYSE,Fuscia,290,Lowrance Levene,Kristyn Dugdale,11:27 PM,Kotido
7693672591,NASDAQ,Violet,291,Blakelee Weben,Melodie Rivalant,7:31 AM,Shuiyang
1753195748,NYSE,Mauv,292,Sapphira Bleackley,Colet Mildner,11:48 PM,Syracuse
1813689067,NYSE,Goldenrod,293,Tucker Chaudret,Barnard Killgus,10:21 AM,Lourdes
2184393576,NASDAQ,Khaki,294,Ashlin McAreavey,Judon Jervois,11:07 PM,Santa Rita
9626165901,NYSE,Aquamarine,295,Mara Leidl,Georgianna Bettenay,8:17 PM,Perelhal
5596507342,NYSE,Khaki,296,Selie Kellart,Ad Catterall,7:19 AM,Jaruco
3246853835,NYSE,Green,297,Shani Feldstein,Clarke Wildash,11:07 PM,Gorbatovka
1943320578,NASDAQ,Pink,298,Korrie Seymour,Wallas Scoines,1:07 AM,Cibungur
5557655751,NASDAQ,Khaki,299,Richy Tees,Ced Chiese,7:18 PM,Jongorsari
4388463191,NASDAQ,Maroon,300,Mace Kobel,Minni Seeger,4:59 PM,Jocotán
6026157190,NASDAQ,Teal,301,Myriam Crips,Max Stronghill,9:46 PM,Chavarría
7527753706,NASDAQ,Turquoise,302,Durward O'Driscoll,Cary Brien,10:51 AM,Raków
4906774512,NASDAQ,Red,303,Hoyt Beceril,Briny Pavlishchev,3:32 PM,Myhiya
5058909847,NASDAQ,Aquamarine,304,Ignatius Reckhouse,Rayshell Vasenin,2:48 PM,Jiantou
7528609994,NYSE,Blue,305,Farley Patel,Sherilyn Valadez,4:05 AM,Mogwase
2543652620,NYSE,Green,306,Arlin McLeman,Domingo Daveley,1:07 PM,Skrunda
1630450472,NYSE,Fuscia,307,Natalya Lapham,Roberto Swainger,3:43 PM,Panyuran
5812530300,NYSE,Blue,308,Patience Leupold,Casper Seaman,9:15 PM,Zhengdun
4417394652,NASDAQ,Teal,309,Doralynne Lourens,Ilene Tunbridge,12:36 AM,Haozhai
2605090760,NYSE,Goldenrod,310,Guinevere Mullinder,Archambault Myrie,3:43 PM,Shenavan
2355738653,NYSE,Yellow,311,Sheffield Beswetherick,Tiena Moxsom,12:26 AM,Ruihong
4649641640,NYSE,Puce,312,Keri Skells,Barthel Beet,6:40 AM,Wonokerto
7605533829,NYSE,Turquoise,313,Phillip Setch,Nerta Joddens,10:46 AM,Masindi Port
8877773308,NYSE,Turquoise,314,Doll Lecointe,Dex Seeger,11:47 PM,Newark
0040743640,NASDAQ,Maroon,315,Uriah Ricks,Nathalia Buxsey,9:38 AM,Dokri
2556450029,NASDAQ,Turquoise,316,Coral Cellier,Maiga Mathy,6:54 PM,Karangsari
1788192249,NASDAQ,Indigo,317,Pavia Witherspoon,Farrah Shoesmith,10:49 PM,Longtian
8184014988,NYSE,Turquoise,318,Milissent Delgua,Janine Jerwood,5:34 PM,Labog
6023848575,NYSE,Aquamarine,319,Kean Medeway,Gabbie McGinly,9:45 AM,Kota Kinabalu
8198276203,NYSE,Maroon,320,Oralla Dalling,Salomi Leggate,11:42 AM,Anse à Galets
6441752506,NYSE,Puce,321,Worthington Mussolini,Hetty Sarfas,11:43 AM,Göteborg
7150049443,NASDAQ,Mauv,322,Elle Durnill,Boniface McEllen,12:02 PM,Gori
8504993906,NASDAQ,Green,323,Iggie Gaitone,Ailis Cumesky,9:56 AM,Daet
1390329283,NYSE,Teal,324,Francisca Riddles,Doralia Scottini,1:58 PM,Al Wardānīn
9636275998,NASDAQ,Maroon,325,Kelsey Bouch,Chastity Labram,8:06 AM,Budapest
8971461330,NYSE,Khaki,326,Johan Janecek,Rasia Giorgiutti,11:55 AM,Laborie
5410486617,NASDAQ,Violet,327,Euphemia Insley,Alfonse Poynton,3:52 PM,Fanrong
5632505200,NYSE,Indigo,328,Adena Jackalin,Kettie Sallan,12:05 PM,Keli
6831241840,NYSE,Orange,329,Olivero Mirfin,Zeke Solano,1:08 AM,Gelgaudiškis
9629562014,NYSE,Goldenrod,330,Karlyn Barosch,Gerald Grigaut,6:20 AM,Dolní Bečva
3942998491,NASDAQ,Red,331,Cristian Caunt,Ruthie Rosendahl,7:48 AM,Río Blanquito
4617860762,NASDAQ,Orange,332,Vivianna Radbourn,Ronni Holsey,2:10 PM,Trenggulunan
4246272841,NYSE,Violet,333,Rossie Collip,Georas Brownstein,10:32 AM,Puerto Francisco de Orellana
4925397486,NYSE,Teal,334,Diahann Vobes,Jard Jephcott,6:26 PM,Chedao
4399389818,NYSE,Fuscia,335,Ernestine Wedlake,Anita Ronisch,8:08 AM,Evinayong
6346882538,NASDAQ,Violet,336,Monica Juniper,Max Devanny,1:15 AM,Yerevan
3704048925,NASDAQ,Purple,337,Vale McClymond,Allister Minchindon,7:59 AM,Damatou
6625987441,NYSE,Khaki,338,Brooke Gerner,Damiano Woolatt,2:13 AM,Union
0874531306,NASDAQ,Purple,339,Kylen Swaisland,Stephanie Emons,1:58 PM,Chagou
4186255288,NYSE,Crimson,340,Barry Urwen,Walt Kingswood,3:26 PM,Pithoro
5195074925,NYSE,Violet,341,Ainslie Henriet,Tilda Clampton,3:46 AM,Áyios Vasílios
0045819130,NYSE,Mauv,342,Mal Atmore,Evaleen Larroway,12:50 PM,Huaizhong
2647560021,NASDAQ,Pink,343,Nelly Skentelbery,Reba Sampson,10:07 PM,Wysoka
4238707931,NYSE,Maroon,344,Leo Taylot,Axel Gainforth,10:51 PM,Jaciara
0745337260,NASDAQ,Aquamarine,345,Ladonna Yelding,Ban Chick,8:41 AM,Padre Bernardo
3629280544,NASDAQ,Red,346,Beauregard Kembry,Regen Goscomb,8:22 AM,Wewoloe
0459447564,NYSE,Red,347,Nobe Crocker,Sherline Skein,11:55 PM,São Pedro
7316557400,NASDAQ,Goldenrod,348,Yankee Maes,Hilary Loudon,1:41 AM,Al Mawşil al Jadīdah
2513737202,NASDAQ,Crimson,349,Anissa Foan,Doreen Causier,11:27 PM,Yaviza
3289233189,NASDAQ,Indigo,350,Barr McKiernan,Nicolas McNish,8:39 AM,Qimeng
4535969264,NYSE,Goldenrod,351,Leah Euels,Esme Jachtym,4:01 PM,Sabugal
1235681181,NASDAQ,Turquoise,352,Forbes Craiker,Kerwinn McCabe,11:51 AM,Lemende
7903165356,NASDAQ,Yellow,353,Florida Josifovic,Nadeen Giamitti,10:02 PM,Lille
0014352516,NASDAQ,Purple,354,Anselma Tidmarsh,Lanita Pagel,7:57 AM,Tromsø
9988530447,NASDAQ,Purple,355,Kelby Gumm,Dillon Dinkin,10:05 PM,Grebenskaya
1257977768,NASDAQ,Indigo,356,Mickie Gunton,Kyla Horwell,2:31 AM,Ezhou
6254550512,NASDAQ,Purple,357,Alvina Smithend,Thedric Walcher,4:39 AM,Belo Horizonte
7702891114,NASDAQ,Maroon,358,Sisile Mastrantone,Hanna Grodden,4:46 PM,Xiaochuan
9281205467,NYSE,Violet,359,Sabine Blasio,Ellwood Frail,4:04 AM,Canaman
4627342403,NYSE,Aquamarine,360,Vernon Pinniger,Jillana Seddon,8:14 AM,Mas‘adah
7469336656,NASDAQ,Pink,361,Roselin Neagle,Ced Minett,1:11 PM,Huangshanguan
7619833129,NYSE,Turquoise,362,Rubie Coalburn,Boyd Gauntlett,12:56 PM,Pristen’
0803896026,NYSE,Yellow,363,Betteann Downgate,Stanleigh Cana,12:57 PM,Nurmo
7459587168,NASDAQ,Mauv,364,Finley Broughton,Fiann Jarrell,8:27 AM,Profítis Ilías
2529896488,NASDAQ,Turquoise,365,Mendy Hornung,Pedro Bear,11:17 PM,Neuilly-sur-Seine
8845961923,NYSE,Puce,366,Jemie Bomb,Laney Romao,7:15 AM,Kariat Arkmane
9854856828,NYSE,Mauv,367,Antonetta Holde,Port Doghartie,2:39 AM,Telheira
2889298248,NASDAQ,Teal,368,Yul Mannooch,Ezra Hrus,12:11 PM,Xianren
9743839127,NYSE,Fuscia,369,Amble Muglestone,Annora Drance,4:56 PM,Xinzhou
8652552304,NASDAQ,Goldenrod,370,Linet Goldsack,Irena Cessford,12:05 AM,Tsagaandörvölj
8178864347,NYSE,Teal,371,Shandy Snooks,Casi Cudde,8:08 PM,Forquilhinha
7405571042,NYSE,Blue,372,Clarisse Lecointe,Frankie Sazio,3:17 PM,Miyoshi
6083305470,NYSE,Teal,373,Cosme Slane,Odessa Pendock,3:00 PM,La Gacilly
2055496727,NYSE,Fuscia,374,Danie Greenig,Brandais Woodvine,2:54 AM,Longcang
4734524254,NASDAQ,Puce,375,Tilly Fernie,Isabelle Housiaux,4:42 AM,Castellon De La Plana/Castello De La Pla
1272029026,NASDAQ,Purple,376,Eugenio Fishburn,Diane-marie Lighterness,3:25 PM,Mtsamdou
1663261113,NASDAQ,Crimson,377,Allene Yantsev,Biddy Mannix,5:06 AM,Cantao-an
2286986053,NYSE,Maroon,378,Tracy Carlyle,Adelice Avramovitz,5:41 AM,Puračić
0412310287,NASDAQ,Goldenrod,379,Bernarr Lorenzin,Casandra Legging,10:26 PM,Tríkala
5365175409,NASDAQ,Goldenrod,380,Ruthie Kays,Shelagh Langstone,11:49 PM,Havlíčkův Brod
9924352238,NASDAQ,Mauv,381,Tate Krause,Scotty Ertel,9:58 AM,Putre
6350468589,NASDAQ,Indigo,382,Kylen Victory,Robinett Doelle,11:41 AM,Cran-Gevrier
8782492549,NASDAQ,Aquamarine,383,Stephenie Foulcher,Orsa McRinn,1:30 AM,Cipanjang
4705687248,NASDAQ,Turquoise,384,Jeremy Allibon,Margy Feldbaum,11:40 AM,Metallostroy
1342274326,NASDAQ,Orange,385,Fergus Dumper,Flint Lennard,10:02 PM,Dubki
6201466169,NYSE,Purple,386,Joannes Gronno,Dacy Begg,9:19 PM,Všenory
5570619879,NYSE,Maroon,387,Maynord Stell,Scarlett Cullnean,2:09 AM,Longtan
7125246168,NYSE,Crimson,388,Tudor Tumilson,Austine Whitford,11:06 PM,Köneürgench
8130261847,NASDAQ,Fuscia,389,Blake Behling,Elicia Pittford,4:07 AM,Longqiao
8884324637,NYSE,Teal,390,Homerus Ladbrook,Jillian Durnill,8:13 PM,Vale da Serra
2123706655,NYSE,Teal,391,Lanita Hamnet,Neila Spratt,6:23 PM,Tsotsin-Yurt
7611656414,NASDAQ,Orange,392,Delainey Snell,Orbadiah Ingarfill,4:13 PM,Bautista
9456401057,NYSE,Fuscia,393,Maure Driuzzi,Richmond Justis,10:04 AM,Māymay
3281998429,NASDAQ,Crimson,394,Jeanette Hukins,Kala Crimp,4:20 AM,Zarechnyy
5237028969,NYSE,Orange,395,Perice Clew,Tommie McAndie,2:28 AM,Río
1500771457,NASDAQ,Blue,396,Sara Handsheart,Micah Vaneev,12:16 AM,Sholokhove
8518614104,NASDAQ,Aquamarine,397,Vinnie Cridlan,Lincoln Brinkworth,10:00 AM,Lokwabe
4650432685,NASDAQ,Orange,398,Viva Jordeson,Colette Hanley,1:49 PM,Tanumshede
6613879533,NYSE,Yellow,399,Brook McFeate,Andrus MacSherry,9:25 PM,Lillehammer
5316664930,NYSE,Indigo,400,Bevin Newlan,Nikaniki Cowell,3:20 PM,Xingou
5694757033,NYSE,Teal,401,Drud Gritten,Rubetta Bartoshevich,3:43 PM,Yueyang
6339828183,NYSE,Goldenrod,402,Sherye L' Estrange,Agnella Ludlem,12:48 AM,Pita Kotte
7594873661,NYSE,Blue,403,Bernette Broxup,Kirk Stopforth,10:27 PM,Vojkovice
1184746222,NASDAQ,Mauv,404,Harriott Dreschler,Reggie Gilford,11:27 PM,Dongshi
2931608599,NYSE,Pink,405,Elita Trench,Silvester Stocks,3:44 PM,Fasito‘outa
8758855661,NYSE,Pink,406,Bondy Paddison,Rosalyn Ajean,11:39 AM,Sanguanzhai
2797751868,NASDAQ,Yellow,407,Cybil Balk,Nadia Marns,6:21 PM,Zhonggongmiao
1130658295,NYSE,Khaki,408,Idette Foss,Fran Emmison,3:31 AM,Aksu
5671134013,NASDAQ,Goldenrod,409,Teresina Andreoletti,Osbert Wanek,7:42 PM,Wangping
0066962730,NYSE,Green,410,Aurel Foukx,Diane-marie Gosse,11:37 AM,Rybie
2230444603,NYSE,Violet,411,Currie McGriele,Patrice Luto,8:32 PM,Brooklyn
0318106086,NASDAQ,Maroon,412,Dean Havenhand,Starlin Lusgdin,12:22 AM,Blagoevgrad
3913503803,NYSE,Puce,413,Kylynn Reilly,Verge Courson,2:04 AM,Guangshun
6084029868,NYSE,Blue,414,Tiffani Emslie,Carlyn Hrachovec,11:35 PM,Avranches
8768839782,NASDAQ,Pink,415,Andreas Savil,Lay Martensen,7:07 PM,Tierralta
9863125547,NYSE,Indigo,416,Maryann Rainford,Michele Clapperton,8:16 AM,Airdrie
7823004305,NYSE,Mauv,417,Jermaine Hovenden,Rodolfo Birkbeck,4:04 PM,Huangshi
2826103229,NASDAQ,Orange,418,Noel Vasilenko,Pace Villaron,7:18 AM,Aoji-ri
3336804418,NYSE,Red,419,Osbert Coghlan,Vin Lesper,7:35 AM,Sukamulya
2069906574,NYSE,Maroon,420,Nita Cornish,Northrup Breem,8:12 AM,Isojoki
4829791578,NASDAQ,Fuscia,421,Iosep Mouatt,Peder Egginson,9:38 PM,Brdów
0735317194,NASDAQ,Blue,422,Juliana Bestwall,Amble Kiossel,7:29 AM,Gongpo
2443458318,NASDAQ,Mauv,423,Lucine Weight,Mattheus Steptowe,1:22 AM,Leifeng
0466163576,NASDAQ,Puce,424,Banky Daelman,Niko Hunsworth,10:20 PM,Słupno
8447835197,NYSE,Orange,425,Marcos Beckerleg,Almira Segrave,11:23 PM,Murcia
5021015249,NYSE,Teal,426,Nariko Slocom,Norry Bradnocke,8:41 PM,Buenlag
2532323299,NASDAQ,Teal,427,Butch Harrowing,Nicolina Nardi,11:59 AM,Dzel
8816264527,NASDAQ,Green,428,Chariot Frowd,Inessa Casolla,10:37 PM,Javorník
1092726632,NYSE,Yellow,429,Titus Odgaard,Codee Colgrave,11:44 AM,Maesan
1448528674,NASDAQ,Maroon,430,Arvy Coggeshall,Hynda Birrell,8:29 PM,Grzmiąca
3919805240,NYSE,Khaki,431,Jethro Emerton,Carr Hegley,2:40 PM,Vsetín
5954754608,NYSE,Red,432,Tani Ezele,Anitra Becconsall,10:23 PM,Jackson
5029930248,NASDAQ,Maroon,433,Timofei Commucci,Francesco Bowton,8:07 AM,Colonia Minga Porá
0238359271,NASDAQ,Maroon,434,Packston Hillaby,Anallese Showler,9:54 AM,Pedro Betancourt
9783544586,NYSE,Indigo,435,Arne Dell,Annadiana Dickens,1:23 AM,Grevená
2916101640,NASDAQ,Fuscia,436,Estel Whatley,Ash Georgiev,6:29 AM,Maurole
9543048207,NASDAQ,Red,437,Sebastian Daenen,Adolphus Canto,4:53 PM,Nová Paka
6714271328,NASDAQ,Purple,438,Taddeusz Wigfall,Cyrus Kernes,10:41 AM,Hucheng
2154348823,NASDAQ,Violet,439,Mychal Ferris,Quillan Pichan,12:24 AM,Yongchang
3985389217,NASDAQ,Yellow,440,Rana Daltry,Robinet Blackhurst,10:29 AM,Baltimore
6286329897,NASDAQ,Violet,441,Tadd Fogel,Man Bunhill,5:15 PM,Lela
2029340421,NASDAQ,Yellow,442,Florenza Pendergrast,Karlis Thow,12:59 PM,Sanjiao
8857874028,NASDAQ,Orange,443,Travis Benit,Archibaldo Yven,8:53 AM,San Miguel de Tucumán
9655402134,NASDAQ,Fuscia,444,Pammi Hainey,Rufe Pemberton,3:37 AM,Wujiaying
4143261286,NYSE,Purple,445,Burr Inglish,Valry Brute,6:11 AM,Krajan
5457775453,NYSE,Pink,446,Elita Worsall,Jaclin Drinkel,12:26 AM,Haolaishan
7137260497,NYSE,Blue,447,Killian Tytcomb,Yelena Matyushonok,6:57 PM,Fengcheng
7879389121,NASDAQ,Khaki,448,Maybelle Toone,Abey Clowser,11:21 AM,Pili
3752503270,NYSE,Aquamarine,449,Anna-maria Bloxsom,Bea Soles,10:46 PM,Wilmington
7871561332,NYSE,Turquoise,450,Katina MacAfee,Niels Carnilian,9:39 AM,Tianbao
3903779717,NASDAQ,Pink,451,Laurens Schrinel,Phoebe Frankham,3:12 AM,Mirskoy
1552539563,NYSE,Red,452,Dominik Tine,Cody Alessandrucci,10:08 PM,Cocabamba
8519232140,NYSE,Khaki,453,Say Gaish,Cassondra Lorryman,2:33 PM,Isu
7571588367,NYSE,Purple,454,Ardella Carmen,Amelina Raccio,3:16 PM,Toulouse
3490652487,NYSE,Indigo,455,Niall Feitosa,Kevina Spinnace,1:36 AM,Madīnat Sittah Uktūbar
7655161518,NYSE,Yellow,456,Izaak Milkeham,Bethany Cicculini,9:37 PM,Bohutín
6076937459,NYSE,Green,457,Griswold Kendell,Emmie Anstiss,4:54 AM,Quarteira
0257178120,NYSE,Goldenrod,458,Feliza Nerger,Hube Elmer,6:53 AM,Liupai
9610623271,NYSE,Maroon,459,Ulrika Sawfoot,Rubi Danielovitch,9:24 AM,Tlogowetan
0174805438,NYSE,Blue,460,Augustine Matyugin,Jaclin Barfitt,8:03 PM,Andres Bonifacio
8311409552,NYSE,Fuscia,461,Alvie Real,Sisile Maxsted,12:33 PM,Maglajani
4440770142,NASDAQ,Blue,462,Priscella Sessions,Celle Caris,3:42 AM,Schäffern
2031901419,NYSE,Khaki,463,Phil Rome,Margie MacFadzean,3:10 PM,Otyniya
7598857830,NASDAQ,Aquamarine,464,Abdul Stidworthy,Collete O' Flaherty,3:33 AM,Nanbao
5548920898,NASDAQ,Violet,465,Quent Cicutto,Ive Durn,3:28 AM,Qijiaxi
5800624895,NYSE,Orange,466,Darryl Johansen,Wyatan Cavnor,7:15 AM,Magisterial
2380844623,NYSE,Orange,467,Randie Reddin,Ulric Underhill,9:21 PM,Puerto Montt
9354054609,NYSE,Pink,468,Wallas Mulcock,Gaile Miklem,1:54 PM,Rokietnica
7834691511,NASDAQ,Violet,469,Ronny Scouller,Gina Hazell,1:47 PM,Dingdian
0333000935,NYSE,Khaki,470,Leigh Trehearn,Elnore Rasor,4:55 PM,Kertasari
3019962412,NYSE,Violet,471,Judah Faragan,Georgina Kain,2:11 AM,Loznitsa
6972082072,NYSE,Pink,472,Falkner Morcomb,Noah Fones,12:21 AM,Bergen
0317243861,NASDAQ,Orange,473,Frants Caveill,Gabi Mattioli,8:31 PM,Cipari Satu
4301711333,NASDAQ,Crimson,474,Enrique Burgoine,Thia Chellingworth,10:57 PM,Santo Anastácio
6035552285,NYSE,Aquamarine,475,Wood Leman,Juliana Whorton,7:55 PM,Mufumbwe
9767906452,NASDAQ,Aquamarine,476,Kassia Kensit,Rodi Eversfield,3:28 PM,Mont-Laurier
9691878496,NYSE,Puce,477,Virgie Vearncomb,Bradan Dunbabin,8:54 PM,Dongjin
1301835889,NYSE,Puce,478,Fritz Swash,Madel Rawcliffe,4:24 AM,Duayaw Nkwanta
3130943811,NYSE,Turquoise,479,Marcellus Pighills,Stesha Forre,7:55 PM,Cotaparaco
7932089719,NYSE,Turquoise,480,Bryna Moiser,Sarette Bradburn,10:44 PM,Kalibuntu
3408165718,NYSE,Purple,481,Devi Abbiss,Witty Woltering,1:02 AM,Paulínia
7308621200,NASDAQ,Crimson,482,Tonnie Gerardi,Gabe Planke,10:26 AM,Byuravan
7527232676,NASDAQ,Orange,483,Estevan Kohneke,Meryl Aarons,12:01 PM,Nevinnomyssk
4973318167,NYSE,Violet,484,Otho Fury,Patty MacAlaster,9:26 AM,Jega
1701631873,NYSE,Puce,485,Sancho Jeffes,Jacobo Slobom,12:29 PM,Gaoliban
1860349781,NYSE,Red,486,Karee Kynge,Audie Rodear,4:58 PM,Chełmża
7364553924,NYSE,Green,487,Hewett Gerlts,Devan Kennion,1:13 AM,Buenos Aires
2373582058,NYSE,Turquoise,488,Clo Chastanet,Edee Frangleton,3:52 AM,Aguaí
0259189545,NYSE,Blue,489,Torrance Sands-Allan,Seamus Shrubb,1:47 PM,Dankalwa
2429238101,NASDAQ,Blue,490,Adrian Beswick,Rachelle Lammerich,4:23 PM,Klina
5942725659,NASDAQ,Puce,491,Marna Greatland,Haily Dutt,3:02 PM,Petropavlovka
0864039298,NASDAQ,Purple,492,Aldin Muge,Genovera Hatter,10:38 AM,Sawin
3478737877,NASDAQ,Fuscia,493,Patrice Hadkins,Caddric Luke,4:15 AM,Cigadog
9640496839,NASDAQ,Maroon,494,Aharon MacNeice,Alphonso Skiggs,8:05 PM,Tertek
1947327151,NASDAQ,Maroon,495,Betteanne Demogeot,Krystal Alten,6:08 PM,Dayong
0183195485,NYSE,Maroon,496,Spense Gutierrez,Rudy Clemmitt,8:42 AM,Gŭlŭbovo
9207724936,NASDAQ,Aquamarine,497,Kerianne McIntosh,Zollie Zeale,8:18 PM,Mačkovec
6603477491,NYSE,Goldenrod,498,Kelcie Barnfather,Hadley Judgkins,6:48 AM,Yabrūd
2003536019,NASDAQ,Indigo,499,Jayne Kleinstern,Tina Philip,8:01 AM,Chenārān
8358318049,NASDAQ,Mauv,500,Nancy Itzik,Mellie McLice,7:25 AM,Blangpulo
8610675521,NASDAQ,Green,501,Cristobal McTrustrie,Giusto Bridal,5:40 AM,Żernica
7879970347,NASDAQ,Crimson,502,Edie Cumo,Giacomo Glaserman,5:00 PM,Jembangan
1649230133,NASDAQ,Teal,503,Hillie Heinsius,Stoddard Hailwood,12:57 PM,Umm Ruwaba
8371779704,NASDAQ,Violet,504,Charis Stocker,Guss Dankov,2:21 PM,Plewiska
1838865209,NASDAQ,Goldenrod,505,Lilias McShea,Marjy Thompson,10:41 PM,Gogaran
5222038092,NYSE,Blue,506,Donelle Fairleigh,Gerik Counter,7:35 PM,Muesanaik
3017362418,NYSE,Puce,507,Perle Atkirk,Betta Menichino,1:49 PM,Zavidovo
4002711749,NYSE,Indigo,508,Dulce Domke,Shane Cawthorne,9:15 PM,Tha Ruea
2729623930,NASDAQ,Green,509,Gaspar Dovidaitis,Sabina Mangeot,6:10 AM,Jaboatão
5438472270,NYSE,Turquoise,510,Dona Capaldo,Fletcher Whitley,5:22 AM,Markaryd
1008819158,NYSE,Mauv,511,Claudius Crambie,Brittan Confort,2:32 AM,Mugan
6135595792,NASDAQ,Aquamarine,512,Haroun Burnard,Garth Mattecot,5:55 PM,Stará Paka
4688900325,NYSE,Crimson,513,Julina Howsden,Melodee Parry,2:24 AM,Puerto Colombia
6725340016,NASDAQ,Indigo,514,Malvin Hollows,Puff Abramov,12:32 PM,Ketawang
2936434386,NYSE,Goldenrod,515,Farlee Pinhorn,Anabal Durnin,7:01 AM,Mankono
4999773821,NASDAQ,Fuscia,516,Patty Heathfield,Brian Drage,11:50 AM,Novhorodka
4737667137,NYSE,Goldenrod,517,Nicolais Cookson,Dani Ganforthe,6:13 AM,Nizhneivkino
7221925062,NYSE,Purple,518,Kiel Mangin,Vassily Bediss,7:44 AM,Mar’ina Roshcha
8643072982,NYSE,Indigo,519,Romeo Dybell,Chase Colston,7:21 PM,Feikeng
2517559201,NASDAQ,Turquoise,520,Engelbert Prothero,Darill McGready,2:15 PM,Pervomays’ke
5860108354,NYSE,Indigo,521,Gareth Hollington,Alyse Wollen,5:19 PM,Pagatan
2746316943,NYSE,Maroon,522,Delia Parlott,Brooks Izhaky,9:39 PM,Caopie
8119800613,NYSE,Puce,523,Madelena Giraldo,Vanny Dearl,5:15 PM,Suresnes
3526242887,NYSE,Turquoise,524,Cleopatra Axelby,Derrik Hearle,11:07 AM,Mianduhe
0542456311,NYSE,Red,525,Ichabod Birdsall,Robbie Vickors,12:46 AM,Klimontów
9760320908,NASDAQ,Pink,526,Lonnie Rubke,Wilbur Matevushev,11:50 PM,Denver
9024439655,NYSE,Red,527,Gennie Cribbott,Brandice Padson,5:01 PM,Tha Mai
7614975758,NASDAQ,Aquamarine,528,Imogene Simmen,Elvyn Killough,12:12 AM,Xomong
9184576863,NYSE,Puce,529,Teresina Ianetti,Tuesday Jedrysik,10:08 PM,Saint-Ouen
7573058993,NASDAQ,Red,530,Lazarus Asals,Devan Pedel,8:35 PM,Rutul
1619467801,NASDAQ,Orange,531,Kalvin Goodinge,Michele Allsworth,4:43 AM,Kui Buri
4883944832,NYSE,Maroon,532,Casi Dabbes,Homerus Algy,4:58 AM,Kotel’va
5110688664,NASDAQ,Goldenrod,533,Torey Legges,Antony Dahlbom,10:21 AM,Lousa
1003484247,NYSE,Pink,534,Byrom Bergeau,Timmy Ziem,6:04 AM,Santiago de María
0436798948,NYSE,Goldenrod,535,Rosalie Blankau,Eadie Pencott,9:22 AM,Saronída
6509972689,NASDAQ,Aquamarine,536,Alicea Chaman,Kylen Udall,5:56 PM,Quelimane
3803767792,NYSE,Red,537,Nikolia Ousley,Clarita Ghelardoni,7:41 AM,Lleida
5930996202,NASDAQ,Goldenrod,538,Cad Mote,Rex Jentle,5:24 AM,Lennec
4601123747,NASDAQ,Maroon,539,Lloyd Novacek,Annabelle Clover,11:38 PM,Kumla
1327628988,NASDAQ,Teal,540,Laural Creswell,Hermione Braddock,2:32 AM,Hedaru
4075373371,NYSE,Orange,541,Bernhard Pemble,Land Ivchenko,9:07 PM,Hongguang
8983324112,NASDAQ,Yellow,542,Valerye Cayet,Curr Sleightholme,12:31 PM,Aurillac
7576333162,NASDAQ,Mauv,543,Austina Biggerdike,Dulce Gilleon,2:12 PM,Mardīān
0872504166,NASDAQ,Green,544,Bren Korneichik,Kahlil Dun,12:58 PM,Sayaq
3627909232,NASDAQ,Yellow,545,Remus Heeney,Donnie Joscelyne,4:45 AM,Centurion
4756532055,NASDAQ,Turquoise,546,Osbourne Keller,Randa Nassie,8:58 PM,Karawatu
5981153237,NYSE,Violet,547,Remy Larkkem,Jonah Tivenan,3:42 AM,Uchimaru
8805342599,NASDAQ,Blue,548,Christiana Oag,Helaina Napoleon,8:30 AM,Sudogda
2423326629,NASDAQ,Green,549,Alyce Jeromson,Adrea Mellsop,10:57 PM,Zhuxi Chengguanzhen
7966494012,NASDAQ,Mauv,550,Kathryne Bourton,Ase Fibbitts,1:30 PM,Pameungpeuk
3013735457,NASDAQ,Blue,551,Jefferson Sidwick,Jeanine Pedder,8:52 PM,Huangjindong
8878799513,NYSE,Aquamarine,552,Amaleta Spragge,Dianne Ronca,9:43 AM,Daqian
7714596295,NASDAQ,Yellow,553,Jamie Warham,Kale Bamell,6:06 AM,Haimen
6830145384,NYSE,Crimson,554,Krysta Skerme,Sal Robbs,4:18 PM,Lakatoro
1777460271,NASDAQ,Aquamarine,555,Helsa Forestall,Stanley Bichener,1:23 PM,Kembangan
1334879761,NYSE,Maroon,556,Gardy Roizin,Jeanie Pargiter,11:44 AM,Sandakan
7339252428,NYSE,Mauv,557,Priscella Cotter,Tedmund Gotthard.sf,3:21 PM,Pemex
1488209731,NASDAQ,Green,558,Henrietta Sarsfield,Forster Lanfare,10:08 PM,Mao
4039288068,NASDAQ,Violet,559,Johna Oade,Alphonso Whordley,2:04 AM,Kendal
8032338985,NYSE,Pink,560,Ode Starrs,Lek Franklyn,8:31 AM,Perugia
7786947264,NYSE,Mauv,561,Lyndsay Gritton,Boigie Lathbury,2:59 AM,Ichuña
7160081188,NASDAQ,Khaki,562,Tirrell Zmitrovich,Rodrick Conrath,4:55 PM,Danao
8602358180,NASDAQ,Red,563,Sukey Kaas,Camala Leighton,2:13 AM,Sungi Liput
5208805715,NASDAQ,Yellow,564,Dorey Grossier,Adele Joss,4:50 AM,Maninihon
1377991288,NYSE,Crimson,565,Curcio Kubiczek,Kaylyn Lettley,5:40 PM,Yonago
0788670441,NASDAQ,Goldenrod,566,Garrard Elis,Wilmer Holby,12:33 AM,Jinping
7810799568,NASDAQ,Khaki,567,Lurette Troy,Talbot Bendon,5:02 AM,Krajan Dukuhseti
6310596225,NASDAQ,Pink,568,Nicolina Dutnell,Warden Bourgeois,5:47 AM,Jiangning
2471291619,NYSE,Crimson,569,Hadrian Tear,Justinian Inkpen,2:39 PM,Rudnyy
2134204532,NASDAQ,Indigo,570,Riordan Longthorne,Loria Gawkes,4:07 PM,Kaoshan
8505916255,NYSE,Blue,571,Aurelie Clemenza,Pippy Crop,1:33 AM,Içara
5803273333,NYSE,Indigo,572,Glory Staig,Johna Eger,4:57 AM,Alastaro
9845928196,NYSE,Pink,573,Marrilee Peto,Belita Soden,8:22 AM,Mrozy
1294355791,NYSE,Puce,574,Henrie Purvis,Rebekah Medcalf,2:34 AM,Xiasha
1028632827,NASDAQ,Purple,575,Travers Deverille,Rowney Filer,3:05 PM,Ledeunu
7475351254,NYSE,Khaki,576,Peyton Farfalameev,Rad Eburah,11:29 PM,Vođinci
7352692061,NYSE,Blue,577,Bobbye Havard,Harwell Hexum,9:27 PM,Potok Złoty
6682618050,NASDAQ,Aquamarine,578,Lemmy Glewe,Laurene Dudeney,10:35 PM,Nikulino
9561384868,NYSE,Maroon,579,Oliy Hillborne,Leodora Buckston,3:41 AM,Cicurug
7108829126,NYSE,Turquoise,580,Agretha Pitchers,Selina Niemetz,1:30 PM,Ribeiro
8047339524,NASDAQ,Orange,581,Wallie Scathard,Pennie Brawley,12:40 PM,Shahrisabz Shahri
3387019203,NASDAQ,Blue,582,Dot Lukianovich,Juditha Hyde-Chambers,7:35 PM,Gorelki
6125364119,NYSE,Teal,583,Esther Cardoe,Maitilde Humberstone,9:03 AM,Hongzhou
7651554531,NYSE,Khaki,584,Justino Constantine,Franklyn Mellows,8:41 PM,Yuguan
5301509438,NYSE,Green,585,Terri Pohls,Kimberlee Kerner,2:28 AM,Prang Ku
1997026805,NASDAQ,Violet,586,Richardo Woodard,Wendi Purkis,4:08 AM,Lukou
5854378124,NASDAQ,Fuscia,587,Felicdad Daville,Courtnay Miko,11:39 AM,Kunyang
8089038883,NASDAQ,Red,588,Earvin Brooking,Traver Partleton,6:51 PM,Sukadana
4273167522,NASDAQ,Khaki,589,Melissa Munkton,Warren Sansom,7:56 AM,Krajan Tekung
8433868713,NASDAQ,Green,590,Ernestus Klesse,Wilden Cregin,4:21 AM,Sebina
9080852015,NASDAQ,Mauv,591,Hermione Shutte,Janie Dawks,4:31 PM,Sidomukti
4365232770,NYSE,Orange,592,Anabel Hunnam,Kleon Mc Meekan,5:17 PM,Miaoshou
9244911310,NASDAQ,Aquamarine,593,Aurelia Prestner,Van Biaggetti,3:59 AM,Köping
4157120957,NYSE,Crimson,594,Mac Furman,Cass Knoble,2:50 AM,Taraco
4221065850,NYSE,Purple,595,Felipa Teape,Gaile Ghelardi,7:02 AM,Liutang
9796779188,NYSE,Violet,596,Jorge Draijer,Sancho Bennion,9:37 AM,Shapaja
9274588054,NASDAQ,Puce,597,Paula Penddreth,Anne-corinne Barnwille,6:06 PM,Caculé
0935834370,NASDAQ,Yellow,598,Nessie Firmin,Salome Densham,10:10 AM,Wanxian
3572499356,NYSE,Aquamarine,599,Daveta Prime,Almira Yearron,7:16 PM,Al Marj
9913823846,NYSE,Crimson,600,Elysha MacBey,Graham Pepin,8:08 PM,Sanyantang
1094549541,NYSE,Crimson,601,Petr Weston,Sumner Snelman,5:26 PM,San Mariano
2625223642,NYSE,Khaki,602,Roderic Marjanski,Alyson Kasher,10:12 AM,Jianyi
3789016063,NYSE,Orange,603,Natasha Jacmar,Albertina Russell,11:56 PM,Huya
3158983222,NASDAQ,Aquamarine,604,Lisabeth Leggon,Judith McKelvey,6:31 AM,Pingba
5080797053,NYSE,Crimson,605,Lovell Lowensohn,Camel Emanuel,9:15 PM,Le Mans
2831241103,NYSE,Red,606,Olympia Saffe,Phoebe Ellwand,3:57 PM,Paiçandu
0393585603,NYSE,Puce,607,Elijah Semerad,Dee Tedahl,1:28 PM,Fuquan
2662454687,NASDAQ,Green,608,Rudie Thiese,Raine Sweett,6:35 PM,Tak Bai
9951001866,NYSE,Puce,609,Jacky O'Luney,Yvonne Althrope,11:43 AM,Xipingle
2821030363,NASDAQ,Maroon,610,Delcine Szymanek,Lorianne Merrisson,12:18 PM,Vykhino-Zhulebino
8336598812,NASDAQ,Purple,611,Nan Livesay,Bernetta Studdert,10:52 AM,Jiuxi
4068203512,NASDAQ,Green,612,Arnie Grigs,Minny Hacun,1:06 AM,Kurchatov
7093532950,NASDAQ,Goldenrod,613,Xenos Ley,Agata Buyers,6:11 AM,Toledo
4301127674,NYSE,Indigo,614,Wilton Bradnick,Hertha Andersen,8:36 AM,Évora
1188378872,NYSE,Orange,615,Abby Pasmore,Carson Dabnot,12:27 AM,Lovran
0381488632,NASDAQ,Mauv,616,Simeon Whiskerd,Nestor Giacopazzi,11:46 AM,San Miguelito
2425350586,NYSE,Blue,617,Sibyl Collingham,Helenka Pearcehouse,4:57 PM,Miskolc
5117933028,NYSE,Indigo,618,Mateo Dono,Courtenay Janiak,12:40 AM,Valinhos
6595132613,NASDAQ,Pink,619,Carmina Titcombe,Zelma Ridout,10:58 AM,Santa Lucía
0157896870,NYSE,Violet,620,Betteann Thynn,Alfie Cottell,4:32 PM,Rakvere
9022870111,NASDAQ,Indigo,621,Hally Scotchmor,Helyn Riggey,2:27 AM,Mulhouse
2354136234,NYSE,Khaki,622,Logan Ganniclifft,Kahaleel Pygott,3:20 AM,Tambakbaya
4166451545,NASDAQ,Turquoise,623,Dulcea Mogra,Glynnis Bembrigg,5:18 AM,Tengah
6972960649,NYSE,Khaki,624,Marena Munning,Kin Wenzel,11:58 AM,Jarabacoa
3169031619,NASDAQ,Aquamarine,625,Angele Gaucher,Quintina Blagdon,12:00 AM,Lansing
0208287213,NYSE,Puce,626,Sheri Fontin,Camile Coucher,3:58 AM,Lutou
4959377887,NASDAQ,Puce,627,Barnaby Standfield,Peyter Heads,8:30 AM,Iitti
2635220603,NASDAQ,Blue,628,Crissie Boyda,Lorne Millier,9:29 AM,Delmas
4367510018,NYSE,Yellow,629,Blaire Piers,Nevil Garlicke,11:44 PM,San Andres
0152477969,NYSE,Indigo,630,Keelby Ashness,Jerrylee Dobbinson,7:56 AM,Чучер - Сандево
0598935177,NYSE,Pink,631,Carma Lettington,Ariana Malinson,3:26 PM,San Ramón
1947275720,NASDAQ,Red,632,Tara Morecomb,Ardyth Bodechon,9:51 AM,Warungsugan
0027366154,NYSE,Mauv,633,Livy Wyness,Harlene Ulster,5:35 AM,Vlachovo Březí
4552257900,NASDAQ,Yellow,634,Phebe Sturgess,Ingelbert Corkill,5:05 AM,Putang
5516771404,NASDAQ,Teal,635,Josee Pitman,Heath De Hoogh,1:53 PM,Barrio San Luis
2202703543,NASDAQ,Puce,636,Gypsy Conlaund,Daisi Richardeau,2:57 AM,Zall-Herr
5094153919,NASDAQ,Puce,637,Skye Learned,Garfield Jeeks,1:36 AM,Brumadinho
0100337007,NYSE,Goldenrod,638,Aprilette Sinfield,Annmarie Oxton,6:56 PM,Kindu
5631368064,NYSE,Fuscia,639,Jenilee Copcott,Padraig Durber,12:00 AM,Kupiskis
9885037896,NYSE,Red,640,Debor Soares,Fredi Abella,12:39 AM,Masipi West
7498067455,NASDAQ,Fuscia,641,Thorny Peschke,Gracia Gerb,11:48 AM,Būsh
4873133629,NASDAQ,Crimson,642,Meryl Poppleton,Mateo Balaison,6:44 PM,Tembeling
1041029144,NYSE,Red,643,Kippie Webben,Gaspar McLeish,6:06 PM,Torre do Pinhão
8127896365,NYSE,Puce,644,Loretta Harmston,Kerrie Macourek,10:10 AM,Perho
5933946192,NASDAQ,Indigo,645,Celestia Pilpovic,Maudie Scoggans,12:32 PM,Taipingying
8534914192,NYSE,Purple,646,Krystalle O'Hern,Tova Pettersen,11:51 PM,Longqiao
7804948611,NYSE,Orange,647,Xena Eaken,Bartholomeus Sueter,7:36 AM,Pontevedra
5526907503,NASDAQ,Green,648,Davine Easbie,Waneta Brimming,4:00 PM,Malianzhuang
1936905442,NASDAQ,Yellow,649,Loy Swepson,Libby Luckwell,3:53 PM,Tyresö
8194687888,NASDAQ,Mauv,650,Cori Frushard,Penrod Knoble,6:28 PM,Delok
8461635779,NASDAQ,Blue,651,Prescott Meneghi,Lulita Haet,4:21 AM,Baliton
1185812717,NYSE,Purple,652,Lauraine Theuss,Rawley Vaune,10:02 PM,Jianshe
3655017936,NYSE,Turquoise,653,Carley Donovan,Giacomo Haggish,10:55 PM,Lumbang
1890302929,NASDAQ,Indigo,654,Tani Glasser,Cinnamon Greensted,9:43 AM,San Juan del Cesar
9656383184,NYSE,Indigo,655,Dru Flori,Calvin Durak,8:13 PM,Daba
5519018723,NASDAQ,Blue,656,Zelig McErlaine,Eloise Haet,8:17 AM,Akita Shi
1764253515,NASDAQ,Puce,657,Davina Aust,Clair Drewitt,6:59 PM,Huillapima
8966074723,NYSE,Yellow,658,Gwen Dominelli,Louisa Osbaldstone,5:21 PM,Kalimeneng
8449125200,NYSE,Mauv,659,Riccardo Kubyszek,Electra Peattie,9:17 PM,Arbeláez
9762240979,NYSE,Red,660,Marla Seger,Wyn de Glanville,1:27 AM,Kramat
6910557085,NASDAQ,Crimson,661,Marie-ann Gage,Bradly Obell,10:53 AM,Gornja Koprivna
2071007751,NYSE,Mauv,662,Sharon Kenright,Vernice Restall,9:41 AM,Paris 18
8998599899,NYSE,Khaki,663,Van Pistol,Dunstan Marshman,7:14 AM,Riangblolong
9149821326,NASDAQ,Khaki,664,Alena Hawkswell,Raddie Wigin,2:12 PM,Tandil
3950013156,NASDAQ,Blue,665,Philippa Ledur,Shawna Checketts,2:29 AM,Ibirataia
5734527106,NYSE,Red,666,Kimball Sprey,Robena Mattia,5:57 PM,Tamnag
3208562128,NASDAQ,Indigo,667,Melisent Bugbee,Baldwin Raggatt,5:54 AM,Tangyu
7617905955,NASDAQ,Puce,668,Mary Frankowski,Lizette Kordes,12:15 AM,Katabu
6394444073,NYSE,Crimson,669,Stacy Thurber,Celestyn Morrant,2:07 PM,Santo Amaro
3660945439,NASDAQ,Red,670,Donnajean Heelis,Lynnet Cornthwaite,1:39 PM,Souziqiu
1526677512,NYSE,Goldenrod,671,Almire Ormston,Mame Stitson,6:48 AM,Amersfoort
6077632236,NYSE,Pink,672,Priscilla Kingsman,Erin Sutch,12:51 PM,Choisy-le-Roi
4430561400,NASDAQ,Purple,673,Coral Abelson,Butch Strotton,6:53 AM,Yelizavetino
5695743044,NASDAQ,Yellow,674,Herold McMeyler,Bryan Gratrix,2:59 PM,Shal’skiy
6303701256,NASDAQ,Puce,675,Lulu Dumbrell,Germayne Skydall,4:40 AM,Sulitair
9738563631,NYSE,Fuscia,676,Francisco Hestrop,Ardisj Horwell,12:33 AM,Palestina
6430449610,NYSE,Crimson,677,Ninnetta Zannotti,Romy Broster,9:05 PM,Sebadelhe
9735856697,NYSE,Fuscia,678,Shandie Heggison,Van Maleby,4:15 PM,Yaqian
8124035067,NYSE,Pink,679,Emilio Prew,Sasha Disbrey,8:49 AM,Guacamaya
3062684852,NASDAQ,Crimson,680,Karel Duddridge,Jonas Pooley,10:43 PM,Kaeng Khro
1428346139,NASDAQ,Purple,681,Carly L'oiseau,Fan Bafford,9:34 PM,Jianguo
0882862189,NYSE,Aquamarine,682,Si Surgood,Raynor McNeice,5:10 PM,Secunda
7772885148,NASDAQ,Yellow,683,Toinette Swin,Sophronia Lenox,8:38 AM,Sobral
2980137154,NYSE,Goldenrod,684,Jeno Essberger,Mallory Shimuk,10:55 PM,Tomepampa
4248712326,NYSE,Orange,685,Zola Ginglell,Tommi Issett,3:02 AM,Welibo
9323958239,NYSE,Red,686,Eliza Mattingly,Ingaberg Empleton,5:17 PM,Carvalhal
5271599450,NYSE,Goldenrod,687,Bertha Tubbs,Ximenez Dommett,10:05 AM,Charlottesville
6483292759,NASDAQ,Khaki,688,Lucien Jacmar,Henderson Curro,2:25 PM,Jatisari
8564025558,NASDAQ,Fuscia,689,Tommie Fowlie,Ferdy Honig,12:40 AM,Chagoda
9321455183,NASDAQ,Maroon,690,Tammy Gorcke,Magdalen Fidler,4:02 PM,Charleville-Mézières
5429591866,NYSE,Purple,691,Dasi Druce,Oswell Lant,8:11 AM,Jianshan
4507583918,NASDAQ,Khaki,692,Libbey Dyers,Daisie Scole,8:24 PM,Moncada
5595593636,NASDAQ,Puce,693,Deanna Gavaran,Mona Rohan,6:20 AM,Mikhaylovsk
1903963540,NASDAQ,Fuscia,694,Nikolos Snelling,Chas Comettoi,9:59 AM,Proletar
6632719783,NYSE,Indigo,695,Rosene Rykert,Oberon Maltby,12:56 PM,Mazhu
7525758654,NYSE,Blue,696,Somerset Canape,Celestine Torresi,5:55 PM,Novallas
8793848757,NYSE,Purple,697,Ciro Christofe,Amy Bromilow,1:06 PM,Jajce
1848410832,NASDAQ,Aquamarine,698,Roze Klugman,Nani Thalmann,7:29 AM,Lokosovo
6652698404,NYSE,Red,699,Maggie Poles,Luella Ewer,5:13 AM,Tomepampa
2742819835,NASDAQ,Yellow,700,Madlin Engelmann,Rozele Baszkiewicz,7:19 AM,Rantaupanjang
1130147789,NASDAQ,Aquamarine,701,Cassandry Aymerich,Manolo Carik,1:36 AM,Nizhniy Kislyay
6117840918,NYSE,Teal,702,Ema Rubbens,Ursuline Targett,11:18 PM,Lamakera Dua
8657653680,NYSE,Maroon,703,Sabrina Skeemor,Joana Sellars,9:06 AM,Qorovulbozor
7242209900,NASDAQ,Purple,704,Linell Wingar,Krista Lucks,2:08 PM,Lixi
9594922486,NASDAQ,Teal,705,Ruby Schoolcroft,Tera Bandy,3:27 AM,Vidin
4656311049,NASDAQ,Blue,706,Sib Vowdon,Augustina Crombleholme,4:03 AM,Sindang
1065136242,NYSE,Green,707,Caryn Spleving,Ody Gervaise,1:41 PM,Jinglongqiao
0464887828,NASDAQ,Red,708,Barrett Bolens,Rheba Valero,12:23 AM,Liyang
0537615806,NYSE,Aquamarine,709,Bliss Heaney,Thurston Colquite,1:10 AM,Sade
4371395406,NASDAQ,Red,710,Kin Patching,Dion Cornish,2:25 PM,Pantaibesar
9215071717,NYSE,Purple,711,Auroora Robb,Hazel McKennan,12:38 AM,K Bang
2228219797,NYSE,Red,712,Aland Rowlson,Nanete Klimkin,1:25 PM,Shuimen
8778733847,NASDAQ,Fuscia,713,Rainer Greschik,Ofelia Breming,7:08 PM,Česká Skalice
6033008065,NASDAQ,Crimson,714,Zora Troppmann,Myrtie Dadge,2:27 AM,Kisii
1244850063,NYSE,Orange,715,Nessi Lankford,Julina Ruusa,4:19 AM,Keluke
9139580008,NASDAQ,Teal,716,Astra Stellin,Purcell Haxell,3:30 AM,Cristóbal
9801726865,NYSE,Yellow,717,Corrie Liccardi,Charmaine Dominichelli,11:16 AM,Pingyao
0723397325,NASDAQ,Teal,718,Dene Bachelor,Kelci Kennefick,10:44 PM,Panadura
7988802542,NASDAQ,Purple,719,Jerome Rishman,Gavan Mathiot,7:13 PM,Boca Raton
5955453261,NYSE,Mauv,720,Raina Brigstock,Gearard Aery,6:38 PM,Shencun
4393649265,NASDAQ,Maroon,721,Elinore Malek,Kylila Harrinson,2:48 AM,Dërmënas
3141751250,NASDAQ,Blue,722,Trixi Kestle,Kial Roskam,8:08 AM,Dean
4397680469,NYSE,Turquoise,723,Karina Oldham,Karlyn Figliovanni,6:30 PM,Frankfurt am Main
7583657970,NASDAQ,Goldenrod,724,Aigneis Ferreiro,Kassia Grivori,1:27 AM,Zhouzhuang
0955124832,NASDAQ,Goldenrod,725,Hyacinthie Balharry,Gaile Nijssen,5:21 PM,Gabaldon
7502822399,NYSE,Pink,726,Tish Moreinu,Pete Bowfin,11:27 AM,Padang
4067657749,NASDAQ,Yellow,727,Matilda Atteridge,Weston Sivess,4:43 AM,Amashca
8991261353,NYSE,Goldenrod,728,Hyacintha Charte,Sharla Kirkland,8:29 PM,Omuo-Ekiti
5391103266,NYSE,Pink,729,Gwenneth Dendle,Briano Vesque,8:01 PM,Hongwei
2933554860,NYSE,Orange,730,Wini Lock,Pooh Howgego,2:28 AM,Sandviken
7892443711,NYSE,Goldenrod,731,Simonette Lalor,Jolynn Bamblett,8:49 PM,Yuanzhou
1022269550,NASDAQ,Crimson,732,Jillian Shovell,Carma Cockill,11:08 PM,Sui’an
6576890729,NASDAQ,Mauv,733,Alphonse Pickworth,Row Bromhead,11:02 PM,Concepción de Ataco
3653694663,NASDAQ,Yellow,734,Marget Asaaf,Cathrin Rominov,7:26 PM,Morant Bay
1471424103,NYSE,Puce,735,Inigo Jones,Claudianus Meffen,3:00 PM,Botao
1418833975,NASDAQ,Orange,736,Robers Colebeck,Jarrid Statersfield,12:28 PM,Joal-Fadiout
4742161025,NASDAQ,Yellow,737,Felipe Sweatman,Dalia MacCathay,10:12 AM,Changning
2229499122,NYSE,Purple,738,Paton Garie,Tiffany Jiruch,9:38 PM,Barbudo
7741192787,NASDAQ,Purple,739,Isidoro Fallon,Denice Smart,7:44 AM,Uppsala
3335433858,NASDAQ,Fuscia,740,Clerkclaude Ions,Jannelle Caddies,8:15 PM,Monte Agudo
2201914273,NASDAQ,Fuscia,741,Obie Blankhorn,Lothaire Bembridge,3:02 PM,Santiago Nonualco
4863962320,NASDAQ,Puce,742,Joell Blundel,Callie Sally,3:20 PM,Izumi
6286113746,NYSE,Pink,743,Efrem Gofford,Zara Osgardby,4:09 AM,Straldzha
9217756482,NASDAQ,Purple,744,Rafferty Daniels,Trixi Lumsden,12:29 PM,Kortkeros
3274857769,NYSE,Puce,745,Nickola Fearick,Tommy Bricknell,6:41 PM,Barreiro
1513920324,NASDAQ,Teal,746,Ogdon Boatwright,Jobyna Wellbelove,8:30 AM,Shenglilu
9646230822,NASDAQ,Puce,747,Maressa Bond,Granville Spires,9:36 PM,Tianta
7946381409,NYSE,Orange,748,Marianne Quirk,Zebulen Oxford,1:14 PM,Tairua
4669970690,NYSE,Purple,749,Billye Holsall,Nikolaos Kubek,6:50 PM,Bojongsari
6750713424,NYSE,Maroon,750,Dorotea Bollum,Susi Very,7:57 PM,Xiashu
8330516709,NASDAQ,Indigo,751,Sioux Taffee,Judah Duffet,11:02 AM,Dubreuil
3825843408,NASDAQ,Orange,752,Cristin Balme,Edita Kendred,5:09 AM,Skrzydlna
8454884394,NYSE,Khaki,753,Graig Streatley,Flinn Alans,12:08 PM,Phayuha Khiri
2573955516,NYSE,Maroon,754,Donn Biffin,Georgeta Ninnis,7:42 PM,Butel
8647988264,NASDAQ,Maroon,755,Jewell Arkell,Roselin Chippendale,6:09 AM,Roma
9124847550,NASDAQ,Orange,756,Alfy Winfred,Nevile Whetland,12:33 PM,Debre Mark’os
2419102126,NASDAQ,Mauv,757,Jermaine Gawne,Philbert Ninnoli,4:04 PM,Mangdang
1795948299,NYSE,Green,758,Blair Boseley,Marys Eckery,12:16 PM,Sikonge
2803937247,NYSE,Crimson,759,Nesta Ramard,Whitney Rockey,9:59 PM,Beringovskiy
0110740068,NYSE,Red,760,Thorn McNamara,Burr Alcoran,7:35 AM,Yishi
4959228261,NYSE,Turquoise,761,Hart Swanton,Godiva Menloe,7:37 AM,Néa Kíos
7988407384,NASDAQ,Turquoise,762,Jacquette Middlemiss,Gardner Drinkale,6:49 PM,Bellevue
4601918871,NYSE,Khaki,763,Lavinia Brian,Clywd Davidai,8:30 AM,Akwanga
4462875648,NYSE,Red,764,Laurie Legrave,Orland Crank,8:51 PM,Machetá
6587505295,NYSE,Puce,765,Rana Balcon,Tonya Ingrem,4:41 PM,Nato
9734531158,NYSE,Pink,766,Starr Hardy-Piggin,Ryon O'Mullaney,7:08 PM,Colón
4708980582,NYSE,Indigo,767,Brigit Simonett,Rozelle Nicolls,10:29 PM,General Cabrera
9656353978,NASDAQ,Khaki,768,Gabriele Hickenbottom,Tova Erangy,3:15 PM,Irtyshskiy
2359579347,NASDAQ,Goldenrod,769,Heindrick Solleme,Orella Imeson,2:55 AM,Mander
3363281501,NYSE,Turquoise,770,Booth Dagg,Jorie Featley,3:11 PM,Sujiatun
1760265195,NASDAQ,Teal,771,Dal Mitchell,Grazia McLuckie,11:31 PM,Tertek
0083742018,NYSE,Pink,772,Frankie Guildford,Tammie Priddle,3:37 AM,Qianguo
6864791580,NASDAQ,Mauv,773,Elset Trevear,Pyotr Legrice,12:25 AM,Hradec nad Moravici
1406104655,NASDAQ,Aquamarine,774,Edward Andresen,Austina Chidler,10:04 PM,Podsineye
1959434888,NASDAQ,Blue,775,Marsh Rehor,Bren Scola,5:57 AM,El Sombrero
8224106373,NYSE,Indigo,776,Avery Wason,Goldarina MacGahy,12:37 AM,Karanglo
8966735665,NYSE,Puce,777,Randolph Gladtbach,Reinhold Hudspeth,2:33 AM,Karatau
2651770582,NASDAQ,Orange,778,Lorette Seston,Garnette D'Elia,7:04 PM,Mieścisko
8370221157,NASDAQ,Fuscia,779,Brook Paddefield,Tabor Erie,9:58 AM,As Suqaylibīyah
6161255901,NYSE,Teal,780,Darci Halstead,Shane Kedward,7:56 AM,Geumpang
2338417283,NASDAQ,Yellow,781,Clevie Spataro,Yorgos Corfield,10:55 PM,Krajan Bakalan
8338868337,NASDAQ,Turquoise,782,Stephanie Scoines,Malina Gotter,3:55 AM,Letlhakane
6839762238,NYSE,Red,783,Benedetto Jonczyk,Nathalia Bampforth,11:10 AM,Cupira
1283422980,NASDAQ,Violet,784,Kin Tee,Sinclare Bawden,9:25 PM,Trilj
2589901194,NYSE,Purple,785,Floyd Gladyer,Beau Bartel,11:12 AM,Klek
7212092371,NASDAQ,Fuscia,786,Cass Bonnier,Matilda Yakhin,11:23 PM,Lebowakgomo
4473192245,NASDAQ,Purple,787,Greer Criple,Alexandros Mendoza,8:16 PM,Yam
5891856107,NASDAQ,Violet,788,Gabey Matiasek,Maryanne Chauvey,7:59 AM,Partido
1534337989,NASDAQ,Puce,789,Terrence Golding,Arlan Deely,11:10 PM,Pruszków
1576989712,NASDAQ,Blue,790,Rudolph Croker,Joseph Gulley,6:14 AM,Lab
7218790364,NYSE,Teal,791,Forester Foystone,Brita Bage,12:25 AM,Gibgos
5140160447,NASDAQ,Pink,792,Alexandre Ackred,Nonie Dickins,1:58 PM,Abiko
9377235529,NASDAQ,Purple,793,Karney Seeking,Micky Toseland,6:17 AM,Rukem
2193894264,NASDAQ,Blue,794,Nina Gresty,Klaus Holmyard,12:47 AM,Dadiharja
9764371116,NASDAQ,Puce,795,Gauthier Teasell,Tabby Haily,2:28 AM,Katrineholm
4392403483,NYSE,Teal,796,Timothy Egger,Tarra Crawshaw,6:31 PM,San Ramon
1141609770,NYSE,Goldenrod,797,Baxie Chainey,Tawnya Lattey,8:09 AM,Santa Cruz
0006225233,NYSE,Puce,798,Sheela O'Carroll,Alyce Halpin,3:53 PM,Durham
6010209021,NYSE,Purple,799,Basia Filde,Man De Michele,1:20 PM,Bethanie
4040241452,NYSE,Aquamarine,800,Craig Marikhin,Pauletta Leale,8:17 AM,Pedra
0417087985,NASDAQ,Teal,801,Cos Mourton,Brandise Lindegard,1:15 PM,Ludbreg
2452838322,NYSE,Khaki,802,Curry Pfeffle,Omar Prettyjohn,5:07 PM,Yabuli
4342981947,NASDAQ,Goldenrod,803,Barnard Santon,Gibbie Hanaby,8:25 PM,Jiangyin
5895817084,NYSE,Fuscia,804,Dasya Tydeman,Tyrone Berrington,4:16 PM,Kazimierz Dolny
9875438529,NYSE,Mauv,805,Sander O'Dunneen,Adella Drage,6:55 AM,Binjiang
8520743234,NASDAQ,Purple,806,Faustine Duligall,Cindelyn Bessey,8:39 AM,Tawaramoto
4995325034,NYSE,Orange,807,Donalt Quixley,Ashley Gentric,10:50 PM,Dayr al Ghuşūn
3140113277,NASDAQ,Fuscia,808,Rona Hame,Claudette Dadley,9:58 AM,Daying
1428653473,NASDAQ,Turquoise,809,Charyl Filkin,Hayes MacTague,2:34 AM,Machinga
7085903937,NYSE,Blue,810,Cosimo Hindes,Chucho Fallowfield,8:20 AM,T’azagyugh
7235469498,NYSE,Blue,811,Serene Ganny,Ardith Issacoff,5:51 PM,Alaghsas
3757439120,NYSE,Green,812,Chip Thomton,Lacey Benton,5:14 AM,Penambangan
0698830059,NYSE,Green,813,Bibby Millmoe,Nike Dolbey,10:38 PM,Panchagarh
2451662301,NASDAQ,Purple,814,Langsdon Joutapavicius,Shelden Primmer,4:52 AM,Maracás
1843990334,NYSE,Teal,815,Lorelle Sperski,Lyndell Himpson,2:12 AM,Suci Kaler
0241647053,NYSE,Red,816,Carey Grinov,Orelie Clyma,6:09 PM,Harjavalta
7166181451,NYSE,Teal,817,Sal Collier,Travis Haliburn,4:16 PM,Port-Vila
0958417245,NASDAQ,Teal,818,Silvano Feyer,Pru Caillou,1:22 PM,Huangshanguan
5316995589,NYSE,Maroon,819,Lyndsie Mardee,Nydia Askie,2:09 PM,Moyo
3461016802,NYSE,Goldenrod,820,Maurice Wathell,Avery Attard,9:42 PM,Xibër-Murrizë
0205260497,NASDAQ,Goldenrod,821,Erastus Coppock.,Bord Antosch,10:59 PM,Sutton
6505002367,NASDAQ,Red,822,Jillane Timothy,Burton Gudgin,8:36 PM,Shahrak
2915086540,NYSE,Red,823,Clyve Bootton,Ranique Heartfield,4:25 AM,Kineshma
8614203195,NYSE,Goldenrod,824,Esmeralda Trasler,Martica Scorthorne,4:43 AM,Tomas
4290870058,NYSE,Violet,825,Ashil Mumford,Murvyn Barents,9:29 PM,El Progreso
1700143387,NYSE,Teal,826,Alix Wey,Kirbee Ingold,11:32 PM,Mullsjö
2286527741,NASDAQ,Yellow,827,Barry Gowenlock,Barde Bowkley,1:41 PM,Cercal
4260105884,NYSE,Goldenrod,828,Rossy Gridon,Amelina Gilliver,6:11 PM,Jieshipu
2926848048,NASDAQ,Fuscia,829,Janine Hurren,Easter Iozefovich,10:27 PM,Naqadeh
4012600087,NASDAQ,Red,830,Nolly McConnulty,Birk Cornels,10:00 AM,Apartadó
7670267178,NYSE,Turquoise,831,Glori Orpin,Nathanael Ayrton,12:36 PM,Greensboro
1509796339,NASDAQ,Yellow,832,Nikolaos Haswall,Conrado Fattorini,10:55 PM,Los Juríes
3953946110,NYSE,Yellow,833,Kirsti Gendricke,Di Blader,3:47 PM,Nanyang
2134465107,NASDAQ,Goldenrod,834,Phillip January,Myriam Scrannage,9:51 AM,Irirum
3175243800,NYSE,Turquoise,835,Winne Franzetti,Jean Rodgier,12:43 AM,Las Vegas
9039232547,NYSE,Violet,836,Kellina Haseldine,Francklin Hebble,5:33 PM,Daxing
0958928207,NASDAQ,Turquoise,837,Sarina Syres,Judie Brogan,7:16 AM,Rachanie
7076246104,NASDAQ,Purple,838,Giffer Nesby,Ariela Heliar,6:18 PM,Huddinge
4284903969,NYSE,Puce,839,Yule Bouldon,Elwood Browncey,8:56 AM,Zuolan
8931244509,NYSE,Puce,840,Vivian Grisedale,Octavius Tozer,10:18 AM,Espinal
7015026074,NYSE,Blue,841,Bevin Vicent,Randee Webb,12:16 AM,Atakpamé
6599983219,NASDAQ,Purple,842,Adora Rymmer,Wilfred Bottjer,9:19 AM,Pongkor
2301232832,NYSE,Indigo,843,Glynda Sedge,Gilberto McCurley,3:32 AM,Chiriguaná
7418653182,NASDAQ,Pink,844,Cally Dalzell,Cross Keyme,2:47 PM,Langob
1827612185,NASDAQ,Blue,845,Garv Lerven,Alyssa Ogilvy,3:22 PM,Dailing
2435955103,NYSE,Red,846,Ban Halwill,Rafi McCarle,12:10 PM,Alqueva
2826709267,NYSE,Maroon,847,Federico Andreasson,Willy Tarbox,8:27 AM,Balete
8013603776,NYSE,Turquoise,848,Skip Kierans,Loren Gobel,3:25 PM,Batroûn
7311338158,NASDAQ,Violet,849,Dukey Dominelli,Natka Buttel,3:24 AM,Guohua
9199292017,NYSE,Fuscia,850,Clarice Sparshett,Phelia Dragonette,3:23 AM,Đoan Hùng
9998152860,NASDAQ,Indigo,851,Warner Filpi,Mariel Dennerly,10:41 AM,Redondos
8559584250,NYSE,Mauv,852,Tomlin Vevers,Evonne Kidstoun,2:55 AM,Stockholm
0439505941,NASDAQ,Aquamarine,853,Lorna Bachman,Liuka Rowland,9:34 PM,Samparna
4818115738,NYSE,Khaki,854,Pepita Sikorski,Mame Sporrij,10:50 AM,Jiangkou
7471291974,NASDAQ,Indigo,855,Irena Gilbane,Lilias Gilbody,4:40 PM,Karangtawar
6763493835,NYSE,Purple,856,Dirk Setchfield,Lissie Castaner,8:51 PM,Lospalos
1153225425,NYSE,Aquamarine,857,Joachim Margaritelli,Katie Pasley,3:51 AM,Barreiros
4462140974,NASDAQ,Mauv,858,Val Spaughton,Ivonne Levay,10:56 AM,Mekele
8293620781,NYSE,Turquoise,859,Nessie Rousel,Selestina Verrell,1:01 PM,Salon-de-Provence
3003445421,NASDAQ,Aquamarine,860,Mikey Antoniak,Baxter Fairlamb,7:51 PM,Cielądz
2733833553,NYSE,Crimson,861,Fredrick Jolliffe,Madelin Serraillier,12:15 PM,Cachoeira
9060777425,NASDAQ,Purple,862,Ulrica Scafe,Milicent Messenger,8:42 AM,Mingzhong
6023305466,NASDAQ,Purple,863,Cecilius Adger,Concettina Terrazzo,5:36 PM,Gambut
6225947094,NYSE,Fuscia,864,Tonie Hughson,Lydon Cullon,6:38 PM,Taiping
0876660464,NYSE,Green,865,Garald Yendle,Paul MacAlroy,12:26 PM,Opatów
8267181229,NYSE,Yellow,866,Briana Kubas,Godiva Tumility,8:39 PM,Changzhou
0051137593,NASDAQ,Green,867,Milli Karczinski,Lief Pentland,10:25 AM,Ust’-Dzheguta
2449681485,NYSE,Purple,868,Almira Geddis,Marc Skirving,6:16 PM,Varberg
3352877998,NASDAQ,Khaki,869,Britni Grievson,Ivan Espadero,10:39 AM,Mae Hi
9485402627,NYSE,Red,870,Oralie Dye,Guthrey Stoakes,9:46 AM,Lubichowo
1101841494,NYSE,Orange,871,Aidan Delatour,Annamaria Andrioli,9:33 AM,Qixia
9563511271,NYSE,Violet,872,Veronike Southcoat,Enrika Dakhov,2:00 PM,Baqiu
8115900869,NASDAQ,Maroon,873,Rudy Hallows,Granville Fendley,12:56 PM,Cojata
6979475525,NASDAQ,Khaki,874,Wernher Demangel,Kalie Wanley,6:14 PM,Galamares
4414004292,NYSE,Yellow,875,Arch Binding,Belva Fraanchyonok,8:56 PM,Tylicz
1649731043,NYSE,Blue,876,Clementia Woodroff,Joaquin Hukin,9:57 AM,Milltown
0942104072,NYSE,Violet,877,Constantin Warsap,Ty Moyler,10:31 AM,San Antonio
9022601749,NYSE,Aquamarine,878,Stephine Blood,Merle Chinge,5:39 AM,Novomyshastovskaya
8573320192,NASDAQ,Blue,879,Christalle Whitfield,Upton Liverseege,2:22 PM,Māmūnīyeh
9646343953,NYSE,Aquamarine,880,Octavia Bernth,Lurline Olexa,9:26 AM,Dawan
8790725190,NASDAQ,Blue,881,Ronnica Wegner,Rici Buckthorp,7:01 AM,Tallaght
7303559078,NASDAQ,Purple,882,Paulita Auchterlony,Correna Light,6:09 AM,Linggou
0165474904,NASDAQ,Red,883,Dorolice Schwaiger,Dody Josefovic,1:48 AM,Soko
5906834907,NASDAQ,Red,884,Regan Avis,Koral Klimkiewich,4:44 PM,Delaware
3967030067,NASDAQ,Blue,885,Linnet O'Fihily,Walther Stein,6:36 PM,Marki
1198328762,NYSE,Turquoise,886,Freddi Vignaux,Imelda Stapley,7:06 AM,Baiquan
3252920824,NASDAQ,Fuscia,887,Jorie Samarth,Katlin Bygrove,4:09 AM,Layo
6497858563,NASDAQ,Fuscia,888,Lurlene Addicote,Kinsley Naper,10:16 PM,Tegalbuleud
1007499877,NYSE,Mauv,889,Brendin Margerison,Devinne Steinson,2:39 PM,Baisha
3871868086,NYSE,Pink,890,Maribelle Youell,Xylina Delahunty,2:54 PM,Darong
8404282285,NYSE,Goldenrod,891,Gabriel Attridge,Salomon Petegre,5:11 PM,Kotatengah
9590289037,NYSE,Blue,892,Demetria O'Shesnan,Clair Stammers,8:30 AM,Kangping
4753135209,NYSE,Red,893,Pace Gerleit,Paolina Bier,3:02 PM,Baisha
9672692331,NYSE,Purple,894,Myriam Dat,Fanni Slainey,5:07 PM,Chunhua
4528674645,NASDAQ,Mauv,895,Annora Pine,Flss Priddy,10:15 PM,Meirinhas
4151114564,NYSE,Goldenrod,896,Merell Manon,Elana Stutter,11:06 PM,Naushahro Fīroz
6076363428,NASDAQ,Maroon,897,Dana Lanphere,Easter Able,6:56 PM,El Banco
2248406185,NASDAQ,Red,898,Arnoldo Pitson,Llewellyn Keggin,8:45 PM,Dachang
1930607342,NASDAQ,Indigo,899,Archie Matfield,Rice Padmore,6:03 AM,Vale de Santarém
0099503719,NASDAQ,Purple,900,Matthew Riddles,Daren Cahalin,12:01 PM,Helin
3787781692,NYSE,Pink,901,Barnard Foro,Karla Cartmer,12:13 PM,Messina
4353482807,NASDAQ,Aquamarine,902,Toni Harrold,Chan Gooday,9:30 AM,Krajan Keboromo
3867737495,NYSE,Violet,903,Marthena Blois,Annice Baly,5:24 PM,New Cebu
5509341815,NYSE,Indigo,904,Patton Roughan,Dalia Shavel,10:22 PM,Tianchi
1371117454,NYSE,Orange,905,Odetta Stanes,Sapphire Gligorijevic,6:52 PM,Letlhakeng
9847185816,NASDAQ,Puce,906,Paige Faulkner,Madelena Kinworthy,2:14 AM,Jincun
4962339265,NYSE,Crimson,907,Lanny Game,Jena Mairs,8:11 AM,Mizunami
9210721020,NYSE,Indigo,908,Brandise Matteotti,Marybeth Maestro,9:05 PM,Yanglin
2953222839,NYSE,Crimson,909,Sashenka Kurtis,Waylon Ladds,9:19 AM,Tambalisa
0557614996,NYSE,Puce,910,Horst Vinecombe,Theo Bill,10:39 AM,Lambton Shores
6142700601,NYSE,Fuscia,911,Shelli Stoyle,Xever Grzegorzewski,8:33 PM,Sadananya
5705855516,NASDAQ,Crimson,912,Kristoforo Lampkin,Daphna Bolzen,5:50 AM,Loma Alta
7566741861,NASDAQ,Turquoise,913,Chiquia Brittoner,Bettye Isaksen,3:16 PM,Tsaghkaber
6666586174,NYSE,Pink,914,Kendricks Cuddehy,Kristi McEwen,6:03 PM,Aitape
4628190453,NASDAQ,Purple,915,Gael Dyshart,Stanleigh Lenoir,8:41 AM,Vitoria-Gasteiz
6718048860,NYSE,Fuscia,916,Nannie Peaddie,Junette Critchley,2:05 PM,Tucson
4875732481,NASDAQ,Teal,917,Yevette Junkison,Maynord Brussels,9:45 AM,Bābolsar
2391390726,NASDAQ,Blue,918,Dniren Jeffcock,Lucho Mulhall,10:05 PM,Siheyuan
9492535017,NYSE,Aquamarine,919,Ivan Giddings,Pennie Pattington,5:16 AM,Tongshan
7678072023,NYSE,Crimson,920,Rickie Drawmer,Francesca Somerset,1:58 PM,Granadero Baigorria
3300967759,NASDAQ,Pink,921,Saundra Stanfield,Binny Coutthart,11:50 PM,Zagnitkiv
9128325273,NASDAQ,Crimson,922,Audie Thebeau,Correy Roelofs,3:16 PM,Hebeitun
4872781961,NYSE,Crimson,923,Coralyn Threadgill,Blythe Crabb,3:02 PM,Gulod
3851251202,NYSE,Red,924,Nathanial Hamp,Maxie Winsor,9:30 PM,Osoyoos
0482597798,NASDAQ,Purple,925,Lambert Ring,Balduin Cameli,10:00 PM,Al Qadmūs
3611715824,NASDAQ,Mauv,926,Ned Despenser,Colleen Mowatt,10:55 PM,Lugo
6927085807,NYSE,Indigo,927,Addie Grayley,Ruy Piaggia,4:05 AM,Drammen
0726860050,NYSE,Blue,928,Phillie Woodland,Junie Archley,8:14 AM,Roshchino
0141130679,NYSE,Maroon,929,Staford Ainsworth,Nester Acres,3:14 AM,Andong
8157730805,NYSE,Red,930,Lacy Everil,Sam Elwood,2:23 PM,Yuquan
0740922572,NYSE,Turquoise,931,Niki Harling,Lisetta Scates,10:20 PM,Santa Ana
9944417823,NASDAQ,Yellow,932,Kayley Marfell,Venus Heersma,7:06 PM,Petaling Jaya
3084602158,NYSE,Fuscia,933,Elysha Fleay,Murvyn Pyser,6:45 PM,Nicosia
3719291243,NYSE,Goldenrod,934,Marlow Sigmund,Coleen Anthonies,8:54 PM,Lüfeng
2652587048,NASDAQ,Goldenrod,935,Heda Pease,Adiana Basketfield,11:43 AM,Lendava
3650145758,NASDAQ,Khaki,936,Emily Veel,Torrance Dovydenas,1:54 AM,San Rafael
1563790629,NASDAQ,Mauv,937,Rana Leipnik,Jacklin Maving,8:34 AM,Greenville
2632511917,NYSE,Goldenrod,938,Arnuad MacDermott,Ryan Vernazza,9:45 PM,Guhuai
8343504135,NYSE,Puce,939,Perry Challes,James Thormwell,4:21 AM,Xigangzi
0627126952,NASDAQ,Indigo,940,Timmie Chatell,Vernice Capelow,7:46 PM,Tercena
8063542940,NASDAQ,Maroon,941,Jammal Crews,Anthea Radbond,9:35 PM,Ţubarjal
0823521117,NASDAQ,Maroon,942,Barton Josefer,Drew Antonnikov,6:19 PM,Caracal
2471928277,NASDAQ,Crimson,943,Norton Exposito,Foss Gwillyam,3:21 PM,Tepal
8913233207,NASDAQ,Turquoise,944,Sydney Claricoates,Diane-marie Le Grove,3:34 AM,Wangtuan
5656200361,NYSE,Crimson,945,Camey Rennick,Marlena Boucher,11:36 AM,Muting
1217547991,NASDAQ,Blue,946,Farica Hutchence,Valerye Chilley,4:30 AM,At Tāj
0406323771,NYSE,Violet,947,Tawnya Marxsen,Parnell Fowgies,6:15 AM,Bueng Kan
3737110654,NYSE,Teal,948,Nettle Spowart,Alexandre Stace,9:07 AM,Zambujal
0479626952,NASDAQ,Red,949,Concordia Ostick,Rivalee Ainslee,3:43 AM,Shiroi
3160595749,NASDAQ,Violet,950,Lynn Linford,Baudoin Edgin,2:29 PM,Nyköping
3165560250,NYSE,Teal,951,Carmon Lichtfoth,Price Droogan,10:44 AM,Ningchegu
1120173574,NYSE,Khaki,952,Fredrick Gandy,Blondell Caiger,9:48 AM,Cantilan
1508200211,NASDAQ,Violet,953,Symon Sames,Chet Scuse,9:20 AM,Köln
3624290533,NASDAQ,Khaki,954,Dawna Isley,Lesya Kindle,3:46 PM,Stockholm
7846293842,NASDAQ,Green,955,Nelly Southouse,Ellette Northin,2:26 AM,El Paso
8914632903,NASDAQ,Red,956,Colette Preskett,Tiler Stitt,11:45 AM,Strawczyn
3521063089,NASDAQ,Orange,957,Ignace Prahl,Alia Dowell,11:37 AM,Pont Cassé
9433451015,NASDAQ,Teal,958,Serge Kynge,Vicki Balwin,10:02 PM,Pocora
7714677708,NASDAQ,Puce,959,Toiboid Hadrill,Zora Crosskell,6:50 PM,Partang
3856602119,NYSE,Puce,960,Essie Deinhardt,David Channon,6:07 AM,Netolice
3464795675,NASDAQ,Blue,961,Purcell Fraczkiewicz,Petronia Brotherhood,6:03 PM,Yinxi
1165603268,NYSE,Mauv,962,Saw Tonbridge,Gery Clutterham,2:12 AM,Four Cross Roads
0416539696,NASDAQ,Mauv,963,Leland Josselson,Erhard Patriche,4:29 PM,Mirsíni
1802256865,NASDAQ,Turquoise,964,Ted Ruggen,Vincent Murdy,3:22 PM,Soure
0419547924,NASDAQ,Aquamarine,965,Anissa Bolles,Emlyn Handrick,2:52 AM,Woippy
2229870149,NASDAQ,Yellow,966,Tatum Bricksey,Shaine Heaford,9:24 PM,Buyant
9112289191,NASDAQ,Pink,967,Shirlee Bellany,Kassey Stiddard,6:17 AM,Ludgeřovice
5693309304,NYSE,Indigo,968,Mirilla Boxhall,Cinnamon Reynard,9:57 PM,Medvezh’yegorsk
8497673093,NASDAQ,Blue,969,Leoine Claworth,Haley Birtwisle,2:10 AM,Várzea
5760224298,NYSE,Maroon,970,Sibbie Targett,Opalina Skewes,12:49 AM,Richmond
3755832771,NYSE,Fuscia,971,Lynna Blesli,Larisa Frederick,2:50 AM,Aurillac
5675591168,NYSE,Violet,972,Virgie Pawson,Haley Douberday,3:29 AM,Tanglag
6096285767,NYSE,Khaki,973,Rafaellle Creedland,Myrlene Bartomeu,3:04 AM,Malpique
3989315951,NYSE,Maroon,974,Aliza Mowle,Lurlene McGirr,8:09 PM,Sanhu
0933480210,NYSE,Pink,975,Chantal Moorwood,Frasquito Izkovici,7:59 PM,Minji
2139956605,NYSE,Purple,976,Cammie Beddis,Alyss Yole,6:18 AM,Detroit
3430761948,NASDAQ,Green,977,Abrahan Boskell,Krysta Carrington,9:00 PM,Aldergrove
9046520315,NYSE,Green,978,Schuyler Cauley,Berte Clarson,6:23 PM,Plumtree
7417453791,NYSE,Teal,979,Marjory Ames,Kyle Boerder,11:58 AM,Caijiapu
7349714645,NASDAQ,Puce,980,Babette M'Chirrie,Ian Lakeman,7:24 AM,Ruda Śląska
9440666218,NYSE,Purple,981,Shelly Sandal,Woodman Matzaitis,11:30 PM,Shiban
4010281928,NASDAQ,Maroon,982,Shandra Deschelle,Fredericka Wilderspoon,8:38 PM,Qaşr Hallāl
0211059048,NYSE,Fuscia,983,Ashlan Parkhouse,Pebrook Dilston,3:08 PM,Rovnoye
8708164401,NYSE,Khaki,984,Meryl Guidini,Aymer Sedgeman,9:44 PM,Merke
9255248332,NASDAQ,Khaki,985,Devinne Sharma,Florri Hauxley,11:45 AM,Gansa
1506913350,NYSE,Puce,986,Cyrus Tearny,Callida Tilt,1:36 AM,Jasienica Rosielna
5073518128,NASDAQ,Violet,987,Alair Thurlbeck,Raleigh Storrs,8:04 AM,Stenungsund
1811203035,NASDAQ,Mauv,988,Carleen Muggleston,Olivette Abotson,2:01 AM,Chaykovskaya
1031575219,NASDAQ,Turquoise,989,Delila Troubridge,Mal Mattersley,8:59 PM,San Felipe
9947791815,NASDAQ,Red,990,Merill Ivanchov,Cordie Rayer,12:23 AM,Jivia
4419288876,NYSE,Goldenrod,991,Natalya Lindmark,Ashien Nolte,4:32 AM,Binitinan
8005618964,NYSE,Green,992,Amitie O'Grada,Carolina Graveston,3:36 PM,Andramasina
2218825503,NASDAQ,Maroon,993,Emma Fishby,Steffie Sisland,5:41 AM,Mastung
2441572660,NYSE,Maroon,994,Mellisent Dooher,Drucy Orts,9:07 PM,Debre Sīna
2665246643,NYSE,Pink,995,Ode Le Port,Alvy Galletley,3:45 AM,Zhenwen
2454941295,NASDAQ,Turquoise,996,Merell Lowden,Windy Witherby,12:00 AM,Cimalati
9132003692,NYSE,Aquamarine,997,Gilberte Lasham,Channa Foggo,3:57 AM,Embalse
1709990805,NYSE,Fuscia,998,Obed Cawsey,Glendon Katzmann,11:12 AM,Dukuhpicung
8305735214,NYSE,Orange,999,Claudell Blown,Maurizia Abramovici,10:39 AM,Al Jubayhah
1307722091,NASDAQ,Teal,1000,Kerry Oneal,Bellanca Nelm,11:53 PM,Fuxing
