Name,Type,Ingredients,Size,Price
Volkswagen,jcb,Kiwi Gold Zespri,L,$7.38
Mazda,jcb,"Sauce - Gravy, Au Jus, Mix",2XL,$4.43
Ford,mastercard,Carbonated Water - Peach,2XL,$4.07
Mazda,switch,Ginsing - Fresh,L,$6.63
Saab,visa-electron,Shortbread - Cookie Crumbs,M,$7.18
Cadillac,maestro,"Mushroom - Chanterelle, Dry",S,$1.60
Mercury,jcb,Peppercorns - Pink,3XL,$3.29
Chevrolet,jcb,Dome Lid Clear P92008h,3XL,$2.63
Ford,visa-electron,Pear - Halves,S,$9.53
Toyota,jcb,Mudslide,2XL,$7.19
Mazda,jcb,Sour Puss - Tangerine,XL,$6.60
GMC,jcb,Cumin - Ground,XL,$1.85
Cadillac,jcb,Table Cloth 90x90 Colour,XL,$1.09
GMC,diners-club-enroute,Muffin Carrot - Individual,L,$0.13
GMC,jcb,Beef - Tenderloin,3XL,$3.10
Porsche,jcb,Beef - Diced,M,$9.48
Chevrolet,jcb,Lobster - Live,XL,$2.66
Ford,diners-club-enroute,Coffee - Decaffeinato Coffee,3XL,$7.20
Cadillac,jcb,Egg Patty Fried,L,$7.21
Lexus,jcb,Momiji Oroshi Chili Sauce,2XL,$9.18
Toyota,china-unionpay,Pasta - Ravioli,XS,$0.79
Lotus,instapayment,Puree - Strawberry,XS,$2.90
Mitsubishi,jcb,Foam Espresso Cup Plain White,3XL,$5.47
Kia,diners-club-carte-blanche,Soup - Campbells - Chicken Noodle,XL,$6.66
Pontiac,laser,"Tart Shells - Sweet, 3",S,$3.44
Mazda,switch,Bread - Onion Focaccia,XL,$5.23
Porsche,jcb,Hog / Sausage Casing - Pork,3XL,$5.29
Buick,jcb,Anisette - Mcguiness,L,$0.50
Mitsubishi,diners-club-enroute,Soup - Campbells Pasta Fagioli,XS,$4.11
GMC,china-unionpay,Carbonated Water - Orange,XL,$3.22
Chevrolet,visa,Bagels Poppyseed,2XL,$6.12
Chevrolet,jcb,Sausage - Chorizo,XL,$4.44
Nissan,mastercard,Gooseberry,S,$4.34
Buick,americanexpress,"Quail - Whole, Boneless",XS,$8.61
Lotus,diners-club-carte-blanche,Vinegar - Tarragon,L,$2.73
Honda,jcb,"Pepper - White, Ground",S,$2.90
Mazda,jcb,Sobe - Orange Carrot,XL,$3.80
Buick,americanexpress,Chocolate Bar - Oh Henry,3XL,$3.56
Porsche,maestro,"Chicken - White Meat, No Tender",XL,$7.79
Toyota,jcb,Onions - Cippolini,3XL,$5.23
Pontiac,bankcard,Lettuce - Green Leaf,L,$3.70
Cadillac,jcb,Beer - Sleemans Honey Brown,XL,$3.07
Toyota,jcb,Easy Off Oven Cleaner,2XL,$6.78
Nissan,jcb,"Chicken - White Meat, No Tender",S,$7.94
Ford,jcb,Bagel - Plain,XL,$4.85
Ford,solo,Chip - Potato Dill Pickle,3XL,$9.89
Audi,jcb,"Beef - Cooked, Corned",3XL,$1.30
Chrysler,jcb,"Coke - Diet, 355 Ml",3XL,$2.26
Bentley,americanexpress,Wine - Montecillo Rioja Crianza,XL,$8.11
Volvo,jcb,Oysters - Smoked,XS,$0.94
Cadillac,jcb,Venison - Liver,L,$3.50
Land Rover,instapayment,Cheese - Sheep Milk,3XL,$2.12
Daewoo,jcb,Steel Wool,2XL,$6.10
Ford,jcb,"Pepsi, 355 Ml",XL,$1.01
BMW,jcb,Muffin Hinge Container 6,3XL,$3.35
Ford,mastercard,Cheese - Wine,XL,$6.69
Chevrolet,china-unionpay,Longos - Burritos,S,$0.93
Infiniti,maestro,"Soup - Knorr, French Onion",XS,$1.81
Mitsubishi,jcb,Potatoes - Idaho 100 Count,XL,$9.67
GMC,mastercard,Plate Foam Laminated 9in Blk,S,$1.53
Volkswagen,americanexpress,Sage - Fresh,2XL,$0.85
Ford,switch,"Nut - Walnut, Pieces",S,$9.30
Volvo,americanexpress,"Tomatoes - Vine Ripe, Red",XS,$8.87
Nissan,jcb,"Pepper - Chillies, Crushed",L,$9.75
Chevrolet,jcb,"Juice - Tomato, 48 Oz",S,$4.48
Lexus,china-unionpay,Pastry - Raisin Muffin - Mini,XS,$5.70
Pontiac,americanexpress,"Wine - Red, Cabernet Sauvignon",S,$8.13
Land Rover,switch,Cheese - Feta,XS,$3.13
Mazda,china-unionpay,Cassis,2XL,$0.67
GMC,jcb,"Juice - Orange, Concentrate",L,$0.30
Plymouth,jcb,Steamers White,M,$0.86
Hyundai,jcb,Cumin - Whole,3XL,$0.32
Pontiac,switch,Pepper - Jalapeno,2XL,$9.61
Mercury,americanexpress,Cookies - Englishbay Wht,XS,$0.06
Maybach,jcb,Arctic Char - Fillets,3XL,$2.91
Infiniti,jcb,Bread - Mini Hamburger Bun,2XL,$8.08
Chevrolet,jcb,Tea - Decaf 1 Cup,XS,$9.39
Ford,jcb,"Ham - Smoked, Bone - In",XL,$2.52
Lincoln,jcb,Flour - Strong Pizza,2XL,$9.59
Eagle,jcb,Tarts Assorted,S,$2.16
Ford,switch,Table Cloth 62x114 Colour,M,$6.35
Aston Martin,americanexpress,Cleaner - Comet,XS,$7.76
Audi,jcb,Sausage - Blood Pudding,2XL,$5.51
Land Rover,mastercard,"Pepper - White, Whole",M,$2.02
Mazda,mastercard,Wine - Peller Estates Late,M,$7.66
Chevrolet,bankcard,Cranberries - Fresh,L,$4.05
GMC,china-unionpay,"Nut - Pecan, Halves",2XL,$5.18
GMC,maestro,"Syrup - Monin, Swiss Choclate",2XL,$0.06
Chevrolet,switch,Coffee Cup 16oz Foam,XL,$2.91
Toyota,china-unionpay,Jam - Apricot,L,$9.45
Dodge,mastercard,Lentils - Green Le Puy,XL,$6.07
Geo,jcb,"Pork - Tenderloin, Fresh",XL,$6.94
BMW,jcb,Bread Base - Goodhearth,XL,$4.88
Hyundai,jcb,Jameson Irish Whiskey,L,$5.16
Volvo,diners-club-carte-blanche,Ice Cream - Strawberry,S,$1.92
Land Rover,jcb,Beef Flat Iron Steak,2XL,$9.30
Mazda,diners-club-enroute,Hot Choc Vending,XL,$8.94
Subaru,jcb,Wine - Casillero Del Diablo,XS,$9.98
Lincoln,visa-electron,Eggwhite Frozen,M,$6.02
Ford,diners-club-us-ca,Sauce - Soy Low Sodium - 3.87l,XL,$4.70
Volkswagen,jcb,Scallops 60/80 Iqf,3XL,$4.14
GMC,solo,Soup - Boston Clam Chowder,3XL,$9.52
Mitsubishi,jcb,Bread - Onion Focaccia,2XL,$8.10
Chevrolet,mastercard,"Wine - Cahors Ac 2000, Clos",2XL,$7.89
Pontiac,switch,Nantucket Pine Orangebanana,S,$7.60
Dodge,switch,Coffee - 10oz Cup 92961,3XL,$1.76
GMC,bankcard,Celery,L,$2.23
Honda,jcb,"Wine - Niagara,vqa Reisling",3XL,$5.04
Hyundai,maestro,Corn Meal,3XL,$6.66
Mitsubishi,mastercard,Tuna - Yellowfin,2XL,$0.93
Audi,jcb,Pork Salted Bellies,XS,$6.00
Audi,visa-electron,Appetizer - Crab And Brie,XL,$7.12
Dodge,mastercard,Pepper - Cayenne,XS,$7.76
Lexus,jcb,Bandage - Fexible 1x3,M,$8.92
Volkswagen,jcb,Dried Peach,3XL,$4.64
GMC,diners-club-carte-blanche,Wine - Marlbourough Sauv Blanc,XS,$4.90
Dodge,jcb,Tuna - Sushi Grade,L,$7.01
Toyota,jcb,Sprouts - Alfalfa,S,$2.22
Ford,americanexpress,Parsley - Fresh,L,$7.09
Mazda,mastercard,"Soup - Knorr, Chicken Noodle",3XL,$5.42
Lincoln,switch,Tomatoes - Roma,L,$7.83
Mercury,visa-electron,"Artichoke - Hearts, Canned",M,$8.41
Lotus,mastercard,Dried Peach,2XL,$6.39
Citroën,jcb,Lobster - Tail 6 Oz,XL,$5.40
Mitsubishi,jcb,Sprouts - Brussel,XS,$3.26
Volkswagen,jcb,Milk - Chocolate 500ml,XS,$0.90
Honda,maestro,Muffin Hinge 117n,2XL,$7.67
Hyundai,mastercard,Blackberries,S,$9.36
Mercury,jcb,Potatoes - Fingerling 4 Oz,2XL,$0.58
Hyundai,visa-electron,Plate Pie Foil,XS,$3.95
Suzuki,jcb,Napkin Colour,XS,$8.58
Isuzu,instapayment,Mix - Cocktail Strawberry Daiquiri,L,$2.34
Mitsubishi,maestro,Pastry - Choclate Baked,3XL,$2.28
Maserati,jcb,Beef - Diced,3XL,$8.86
Audi,mastercard,Crawfish,2XL,$1.45
Mercury,mastercard,Taro Leaves,L,$0.51
Buick,switch,Flower - Dish Garden,M,$7.75
Cadillac,diners-club-enroute,Munchies Honey Sweet Trail Mix,XL,$1.61
Mazda,jcb,Cherries - Frozen,XS,$5.78
Volkswagen,switch,Pastry - Banana Tea Loaf,M,$4.24
Oldsmobile,jcb,Lettuce - Iceberg,XS,$4.44
Honda,maestro,"Beef - Bones, Cut - Up",XL,$6.87
Maserati,jcb,Wine - Pinot Noir Latour,S,$2.58
Mitsubishi,visa-electron,Beef Striploin Aaa,XL,$4.41
Toyota,maestro,"Tart Shells - Sweet, 4",M,$3.56
Kia,instapayment,Calypso - Black Cherry Lemonade,M,$4.47
Oldsmobile,diners-club-enroute,Cabbage - Red,XS,$3.59
Toyota,jcb,Oneshot Automatic Soap System,L,$7.56
Mazda,jcb,Hummus - Spread,S,$1.17
Volkswagen,switch,Salt - Table,3XL,$1.04
Ram,jcb,Apples - Sliced / Wedge,2XL,$7.12
Nissan,mastercard,Shrimp - Prawn,3XL,$3.86
Oldsmobile,jcb,Containter - 3oz Microwave Rect.,XS,$3.40
Nissan,solo,Carbonated Water - Lemon Lime,XS,$9.98
Oldsmobile,jcb,Pickles - Gherkins,2XL,$3.66
Jaguar,jcb,"Lamb - Pieces, Diced",M,$6.21
Audi,switch,Fruit Salad Deluxe,3XL,$2.82
Kia,visa,Tea - English Breakfast,M,$6.12
Toyota,instapayment,Muffin Batt - Blueberry Passion,3XL,$8.71
Buick,switch,Steampan - Half Size Shallow,M,$3.99
Lexus,china-unionpay,"Champagne - Brights, Dry",2XL,$9.46
Buick,jcb,Aspic - Light,2XL,$1.38
Saab,americanexpress,Corn - On The Cob,XL,$4.71
GMC,instapayment,Beef - Striploin,2XL,$7.66
Acura,diners-club-international,Tea - Jasmin Green,2XL,$4.94
Ford,china-unionpay,Cookie Dough - Double,M,$3.81
Audi,maestro,Dr. Pepper - 355ml,L,$9.56
Kia,jcb,Olives - Morracan Dired,XL,$1.11
Toyota,jcb,Tarts Assorted,XL,$3.58
Bentley,visa-electron,Soup - Campbells Chili Veg,XS,$6.45
Acura,jcb,Ecolab - Hobart Washarm End Cap,S,$3.08
Kia,switch,Skirt - 24 Foot,S,$9.41
GMC,diners-club-us-ca,Lemons,XL,$6.84
Nissan,jcb,Flour - Pastry,XL,$3.79
Mazda,mastercard,Silicone Parch. 16.3x24.3,S,$6.72
Mercedes-Benz,jcb,Wine - Duboeuf Beaujolais,3XL,$3.83
Volkswagen,jcb,Oil - Macadamia,XL,$2.98
Audi,visa,Napkin White,3XL,$5.60
BMW,china-unionpay,Blueberries,XS,$6.01
GMC,jcb,Bagelers - Cinn / Brown Sugar,M,$5.82
Suzuki,mastercard,Seedlings - Clamshell,S,$0.98
Pontiac,diners-club-carte-blanche,Pork Casing,M,$2.32
Chevrolet,visa-electron,Oil - Sunflower,M,$3.22
Ferrari,laser,Puree - Guava,L,$9.57
Dodge,mastercard,Carbonated Water - Orange,M,$5.07
Chevrolet,jcb,Juice Peach Nectar,3XL,$8.24
Hyundai,solo,Coffee - Irish Cream,L,$0.72
Ford,laser,"Pepsi, 355 Ml",M,$0.88
Ford,jcb,Puree - Blackcurrant,XS,$7.75
GMC,jcb,Milk - Homo,L,$9.09
GMC,jcb,Bread - Italian Roll With Herbs,XS,$4.35
Suzuki,americanexpress,Almonds Ground Blanched,S,$1.74
Saab,jcb,"Lemonade - Kiwi, 591 Ml",2XL,$5.02
Lexus,jcb,Appetizer - Shrimp Puff,3XL,$9.76
Ford,visa-electron,Capers - Pickled,XL,$0.35
Saab,visa-electron,Wine - Alsace Riesling Reserve,M,$3.86
Ford,switch,Tilapia - Fillets,3XL,$0.98
Volkswagen,diners-club-carte-blanche,Fenngreek Seed,M,$0.78
BMW,diners-club-international,Chicken Breast Halal,3XL,$7.79
Pontiac,bankcard,Salami - Genova,3XL,$8.58
Honda,visa-electron,Longos - Assorted Sandwich,XL,$3.69
GMC,mastercard,Napkin White,L,$5.27
GMC,bankcard,Squeeze Bottle,3XL,$1.55
Pontiac,jcb,Breakfast Quesadillas,L,$3.93
Subaru,diners-club-carte-blanche,Shortbread - Cookie Crumbs,3XL,$0.98
Audi,jcb,Passion Fruit,XL,$6.68
Chevrolet,solo,"Pepper - White, Whole",3XL,$0.23
Toyota,jcb,Lettuce - Frisee,3XL,$8.62
Acura,switch,Rabbit - Frozen,S,$4.62
Mazda,jcb,"Juice - Orange, Concentrate",XL,$0.79
BMW,china-unionpay,Macaroons - Homestyle Two Bit,S,$5.70
Buick,jcb,"Wine - Red, Antinori Santa",XL,$6.95
Ford,jcb,Pickle - Dill,2XL,$0.08
Volvo,instapayment,Catfish - Fillets,M,$8.54
Infiniti,jcb,Poppy Seed,2XL,$0.35
Ford,maestro,"Doilies - 5, Paper",XL,$1.41
Jaguar,diners-club-carte-blanche,Tomato - Green,XL,$3.96
Acura,jcb,Beans - Wax,XL,$0.52
Ford,jcb,Crab Meat Claw Pasteurise,3XL,$6.22
Kia,jcb,Cheese - Pied De Vents,M,$6.46
Toyota,maestro,Bread - Petit Baguette,XS,$5.14
Ford,maestro,Puree - Strawberry,2XL,$4.50
Saab,americanexpress,Peach - Fresh,XS,$3.34
Mazda,jcb,Sprouts - Baby Pea Tendrils,2XL,$3.72
Dodge,jcb,Beer - Corona,M,$1.47
Jeep,maestro,Leeks - Large,M,$6.58
Subaru,visa-electron,Longos - Chicken Wings,L,$7.26
Dodge,jcb,Guinea Fowl,L,$3.11
Audi,americanexpress,"Pork - Loin, Bone - In",3XL,$3.42
Ford,jcb,Lobster - Tail 6 Oz,XS,$4.84
Toyota,visa-electron,Rice - Basmati,3XL,$3.94
Holden,switch,Wine - Pinot Grigio Collavini,L,$8.31
BMW,jcb,Cheese - Marble,XS,$0.67
Chevrolet,maestro,The Pop Shoppe - Grape,XL,$7.26
Honda,jcb,"Jam - Marmalade, Orange",S,$0.16
Acura,jcb,"Doilies - 10, Paper",2XL,$7.88
Saturn,jcb,Turkey - Oven Roast Breast,M,$7.04
Mitsubishi,china-unionpay,Table Cloth 62x114 White,M,$5.61
Honda,jcb,Container - Clear 32 Oz,XS,$0.96
Pontiac,bankcard,"Halibut - Whole, Fresh",M,$4.48
Kia,laser,Icecream - Dibs,3XL,$5.50
Chevrolet,jcb,"Beans - Black Bean, Dry",3XL,$4.35
Mazda,jcb,Ham - Black Forest,S,$4.03
Honda,jcb,Latex Rubber Gloves Size 9,2XL,$4.38
Mercedes-Benz,jcb,"Chocolate - Semi Sweet, Calets",XL,$0.59
GMC,bankcard,Gloves - Goldtouch Disposable,L,$8.10
Toyota,mastercard,Table Cloth 90x90 Colour,L,$9.64
Ford,diners-club-enroute,Beer - Steamwhistle,S,$7.22
Volvo,jcb,Cheese - Sheep Milk,S,$6.43
Buick,visa-electron,Wine - Manischewitz Concord,L,$4.11
Mercedes-Benz,jcb,Huck White Towels,M,$7.79
BMW,mastercard,Lettuce Romaine Chopped,2XL,$0.56
Hyundai,diners-club-enroute,Scallops - Live In Shell,L,$4.69
Mitsubishi,china-unionpay,Langers - Mango Nectar,2XL,$7.55
Lexus,maestro,Sugar - Icing,3XL,$4.17
Nissan,jcb,Dr. Pepper - 355ml,S,$5.32
Audi,jcb,Muffin Mix - Blueberry,XL,$0.58
GMC,visa-electron,"Cheese - Manchego, Spanish",XL,$9.34
Mercury,americanexpress,Vinegar - Balsamic,XL,$2.36
Chevrolet,jcb,Pork - Back Ribs,S,$9.30
Porsche,china-unionpay,Egg Patty Fried,L,$7.21
Dodge,jcb,Wine - Jafflin Bourgongone,M,$6.46
Acura,jcb,"Pork - Ham, Virginia",XS,$6.87
Buick,diners-club-carte-blanche,Rye Special Old,XS,$3.50
Suzuki,laser,Cream - 35%,M,$6.80
Volkswagen,jcb,Cheese - Fontina,M,$7.91
Isuzu,china-unionpay,Bar - Sweet And Salty Chocolate,XL,$4.45
Mercedes-Benz,mastercard,Tea - Black Currant,3XL,$5.24
Suzuki,switch,Paper - Brown Paper Mini Cups,L,$5.03
Ford,jcb,Coffee - Espresso,XS,$8.33
Dodge,mastercard,"Mushroom - Enoki, Fresh",L,$8.61
Mitsubishi,americanexpress,Pate - Liver,XS,$7.57
Mercury,diners-club-enroute,"Beef - Bones, Marrow",L,$7.81
Ford,jcb,Crawfish,M,$4.44
Dodge,diners-club-enroute,Cranberries - Fresh,3XL,$3.52
Chevrolet,mastercard,Mushroom - Lg - Cello,2XL,$0.05
Nissan,jcb,Rappini - Andy Boy,3XL,$9.00
Mercedes-Benz,maestro,Juice - Cranberry 284ml,M,$4.73
Chrysler,switch,"Pasta - Lasagna Noodle, Frozen",S,$4.83
BMW,jcb,Lambcasing,2XL,$3.89
Pontiac,diners-club-carte-blanche,Chicken - Base,3XL,$2.83
Pontiac,diners-club-enroute,Egg Patty Fried,3XL,$5.34
Ford,jcb,"Split Peas - Green, Dry",L,$5.53
Toyota,diners-club-carte-blanche,Tea - Herbal Sweet Dreams,M,$6.93
Suzuki,jcb,"Wine - White, Mosel Gold",M,$6.49
Jeep,jcb,Butter - Salted,S,$5.45
Dodge,bankcard,Peas - Frozen,XS,$2.88
Ford,switch,Wine - Segura Viudas Aria Brut,M,$1.69
Ford,jcb,"Cup - 3.5oz, Foam",M,$8.93
Land Rover,instapayment,Garlic - Peeled,2XL,$2.09
Saturn,diners-club-international,Meldea Green Tea Liquor,M,$2.23
Volkswagen,jcb,Orange Roughy 4/6 Oz,S,$5.90
Buick,visa-electron,Wasabi Powder,XS,$6.56
Pontiac,maestro,Gatorade - Xfactor Berry,M,$9.62
Toyota,jcb,Sprouts - China Rose,XL,$5.15
Audi,jcb,Longos - Assorted Sandwich,M,$8.41
Mazda,diners-club-enroute,Appetiser - Bought,2XL,$1.08
Hyundai,jcb,Cake Sheet Combo Party Pack,S,$3.18
Ford,switch,Calypso - Lemonade,2XL,$0.09
Ford,visa-electron,Chinese Foods - Chicken,3XL,$8.87
Volvo,laser,"Shrimp - Baby, Cold Water",XL,$5.10
Mercury,jcb,"Wine - White, Cooking",XS,$3.74
Dodge,jcb,Bacardi Mojito,XL,$1.62
Toyota,jcb,Tea - Camomele,2XL,$6.39
Jensen,jcb,Lemon Balm - Fresh,XS,$2.79
Oldsmobile,visa-electron,Pork Casing,XS,$5.92
Audi,jcb,Beer - Sleeman Fine Porter,S,$2.24
Pontiac,jcb,Tarragon - Fresh,XS,$2.67
Dodge,jcb,"Juice - Cranberry, 341 Ml",M,$0.35
Toyota,switch,Wine - Remy Pannier Rose,2XL,$0.96
Subaru,jcb,"Tomatoes - Plum, Canned",3XL,$0.57
Aston Martin,switch,Napkin White,2XL,$9.66
Ford,jcb,Tea - Herbal Orange Spice,L,$2.25
Hummer,mastercard,Wine - Zinfandel California 2002,L,$7.96
Saturn,jcb,"Wine - White, Schroder And Schyl",XS,$9.58
Mercury,maestro,Wine - Penfolds Koonuga Hill,2XL,$6.42
Nissan,jcb,Quinoa,XS,$8.73
Dodge,jcb,Bay Leaf,3XL,$7.95
Mercedes-Benz,jcb,Lamb Shoulder Boneless Nz,3XL,$6.37
Lincoln,jcb,Tomatoes - Orange,S,$6.57
Ford,jcb,Bread Foccacia Whole,2XL,$5.64
Honda,jcb,Pears - Anjou,S,$8.26
BMW,jcb,Tart - Lemon,L,$8.21
Mercedes-Benz,diners-club-enroute,Ice Cream - Super Sandwich,2XL,$3.53
Lincoln,maestro,Catfish - Fillets,XS,$7.23
Cadillac,solo,Bagelers - Cinn / Brown,XS,$2.91
Mazda,bankcard,General Purpose Trigger,M,$2.50
Geo,jcb,Beer - Camerons Cream Ale,2XL,$3.22
Lincoln,jcb,Flour - Whole Wheat,S,$2.83
Hyundai,jcb,Gatorade - Orange,M,$8.11
Honda,jcb,Compound - Rum,3XL,$1.21
Nissan,visa-electron,Bar Mix - Lemon,XS,$1.72
Dodge,diners-club-enroute,Mussels - Cultivated,2XL,$9.30
Chevrolet,jcb,Water - Green Tea Refresher,3XL,$0.00
Toyota,mastercard,Wine - Rhine Riesling Wolf Blass,XL,$9.33
Chevrolet,jcb,Pastry - Baked Scones - Mini,L,$9.65
Mercedes-Benz,mastercard,Pan Grease,2XL,$6.96
Mitsubishi,diners-club-us-ca,"Crab - Dungeness, Whole, live",L,$5.46
Volkswagen,laser,Chocolate Bar - Coffee Crisp,XL,$8.42
Chevrolet,diners-club-carte-blanche,Bacon Strip Precooked,XS,$4.04
Dodge,jcb,Scallops 60/80 Iqf,S,$8.23
Subaru,mastercard,"Trout - Rainbow, Fresh",S,$7.91
Honda,jcb,Wine - Balbach Riverside,M,$2.37
Ford,maestro,Parsley Italian - Fresh,XS,$8.52
Ford,mastercard,Mushroom - Morel Frozen,XS,$1.50
Toyota,jcb,Kiwi,L,$9.65
Mercury,jcb,Bread - Bistro White,S,$7.58
Cadillac,visa-electron,Napkin White - Starched,XS,$8.82
Mercury,jcb,Island Oasis - Ice Cream Mix,2XL,$1.94
Pontiac,jcb,Wine - Chianti Classica Docg,S,$3.36
Audi,visa-electron,Vinegar - Raspberry,S,$8.58
Volvo,americanexpress,Apple - Custard,2XL,$4.58
Chevrolet,switch,Chicken - Ground,XS,$4.19
Hummer,jcb,Petite Baguette,2XL,$8.96
Volkswagen,visa,Cheese - Wine,M,$7.06
Pontiac,instapayment,Praline Paste,M,$6.21
Volvo,mastercard,Wine - Alsace Riesling Reserve,XL,$7.25
Buick,maestro,Wine - Guy Sage Touraine,XS,$4.91
Isuzu,mastercard,Glove - Cutting,3XL,$6.60
Jeep,jcb,Cinnamon Rolls,M,$2.03
Volvo,jcb,Oil - Peanut,M,$8.80
Oldsmobile,jcb,"Pasta - Fusili, Dry",XL,$4.25
Oldsmobile,jcb,Dried Cranberries,L,$5.48
Pontiac,maestro,Marjoram - Fresh,XL,$6.30
Mercedes-Benz,maestro,Water - Spring Water 500ml,S,$7.46
GMC,jcb,Veal - Heart,2XL,$6.77
Hummer,diners-club-us-ca,"Pork - Loin, Center Cut",2XL,$6.46
Jeep,jcb,"Chicken - Wings, Tip Off",2XL,$1.10
Lincoln,china-unionpay,Ketchup - Tomato,2XL,$7.83
Chrysler,jcb,Shrimp - Prawn,L,$9.34
Ford,jcb,Venison - Racks Frenched,2XL,$4.72
GMC,diners-club-enroute,Spring Roll Veg Mini,M,$1.37
Volkswagen,jcb,Parasol Pick Stir Stick,M,$7.53
Chevrolet,diners-club-us-ca,Cheese - Cheddarsliced,XS,$3.50
Chevrolet,diners-club-international,Pork - Smoked Kassler,XL,$6.48
Mazda,visa,Wine - Vouvray Cuvee Domaine,L,$8.56
Nissan,jcb,"Vermouth - White, Cinzano",S,$5.80
Nissan,visa-electron,Cake - Lemon Chiffon,2XL,$6.65
Jaguar,jcb,Tuna - Bluefin,L,$2.47
Ford,jcb,Basil - Seedlings Cookstown,M,$8.68
Lamborghini,jcb,Sherbet - Raspberry,S,$8.76
Dodge,jcb,Canada Dry,M,$1.25
Audi,laser,Chocolate - White,2XL,$3.00
Volkswagen,jcb,Ham - Cooked Bayonne Tinned,M,$1.93
Chevrolet,jcb,"Napkin - Dinner, White",M,$7.87
Chevrolet,jcb,Wine - Stoneliegh Sauvignon,L,$1.47
Plymouth,jcb,"Carrots - Mini, Stem On",L,$1.46
Mercedes-Benz,maestro,Water - Spring 1.5lit,XL,$8.28
BMW,jcb,Steel Wool,2XL,$5.63
Chevrolet,mastercard,"Vermouth - Sweet, Cinzano",L,$1.46
Volvo,diners-club-us-ca,Pork - Hock And Feet Attached,XS,$7.13
Volkswagen,china-unionpay,Muffin Hinge - 211n,2XL,$5.10
Land Rover,jcb,"Crab - Back Fin Meat, Canned",S,$6.49
Ford,bankcard,Ice Cream Bar - Rolo Cone,S,$4.78
Nissan,visa-electron,"Artichoke - Bottom, Canned",3XL,$4.75
GMC,visa-electron,Steampan - Lid For Half Size,XS,$9.86
Chevrolet,diners-club-carte-blanche,Wine - Manischewitz Concord,M,$9.13
Land Rover,maestro,Vol Au Vents,L,$8.61
Ford,instapayment,Kiwi,S,$8.98
Volvo,jcb,"Roe - Lump Fish, Red",M,$3.41
Ford,jcb,"Cheese - Mozzarella, Buffalo",2XL,$2.99
Mitsubishi,diners-club-enroute,"Artichoke - Bottom, Canned",S,$2.81
Buick,americanexpress,Nescafe - Frothy French Vanilla,3XL,$5.62
Suzuki,visa,Sword Pick Asst,3XL,$6.94
Buick,bankcard,Muffins - Assorted,XL,$1.94
GMC,mastercard,Olives - Morracan Dired,3XL,$7.77
Mazda,jcb,Filo Dough,M,$2.91
Scion,mastercard,Carbonated Water - White Grape,2XL,$7.76
Toyota,jcb,Oregano - Fresh,3XL,$9.87
Acura,maestro,Onions - Red,2XL,$3.88
Kia,americanexpress,Wine - Jaboulet Cotes Du Rhone,2XL,$7.09
Mercedes-Benz,mastercard,Sage - Ground,S,$7.13
Mercedes-Benz,china-unionpay,Pastry - Banana Tea Loaf,2XL,$3.64
Toyota,diners-club-carte-blanche,Butter Balls Salted,M,$0.13
Dodge,switch,Beef Wellington,XS,$2.16
GMC,americanexpress,Bagel - Plain,S,$6.95
Ford,jcb,Bread - Hot Dog Buns,M,$7.55
Ford,visa-electron,Dc - Frozen Momji,S,$1.11
GMC,mastercard,Chevril,2XL,$6.47
Buick,jcb,"Mop Head - Cotton, 24 Oz",3XL,$8.25
Nissan,maestro,Mustard - Dijon,XL,$5.51
Ford,americanexpress,Snails - Large Canned,2XL,$3.43
Lincoln,visa-electron,Blueberries - Frozen,L,$3.35
Cadillac,jcb,Wine - Stoneliegh Sauvignon,S,$1.75
Subaru,jcb,Gelatine Leaves - Envelopes,S,$6.45
Kia,jcb,"Tortillas - Flour, 8",M,$0.42
Porsche,jcb,"Cheese - Mozzarella, Buffalo",2XL,$8.93
Jeep,visa-electron,"Lamb - Whole Head Off,nz",XS,$7.40
Ford,jcb,Haggis,XL,$0.75
Porsche,diners-club-carte-blanche,Mustard - Seed,S,$5.53
Chevrolet,jcb,Stock - Fish,S,$0.78
Ford,jcb,Sauce - Mint,XL,$1.91
Suzuki,china-unionpay,Calypso - Pineapple Passion,M,$0.46
Mazda,mastercard,Barley - Pearl,XS,$0.65
Acura,bankcard,Wine - Chablis J Moreau Et Fils,M,$2.48
Chrysler,switch,Chinese Foods - Plain Fried Rice,3XL,$6.45
Mitsubishi,diners-club-carte-blanche,"Rosemary - Primerba, Paste",L,$5.84
Mitsubishi,visa,Okra,XS,$4.99
BMW,laser,"Beets - Candy Cane, Organic",XL,$4.71
GMC,solo,"Split Peas - Yellow, Dry",XL,$3.26
Ford,mastercard,"Nestea - Ice Tea, Diet",XS,$7.13
Dodge,maestro,Oil - Coconut,XL,$1.55
Mazda,diners-club-carte-blanche,"Turkey - Whole, Fresh",3XL,$7.13
Mitsubishi,jcb,Truffle - Peelings,3XL,$5.29
Toyota,bankcard,Soup Knorr Chili With Beans,XS,$8.73
Lexus,jcb,Loquat,M,$0.37
Honda,jcb,Island Oasis - Mango Daiquiri,L,$1.01
Toyota,jcb,Wine - Lou Black Shiraz,L,$5.28
Lexus,china-unionpay,Crackers - Graham,3XL,$9.09
Oldsmobile,switch,Pork - Kidney,XS,$4.35
Toyota,jcb,Apricots - Halves,XS,$7.64
Chevrolet,mastercard,Soup - Campbells Beef Strogonoff,XL,$8.99
Lexus,mastercard,"Tomatoes - Diced, Canned",M,$6.67
Mitsubishi,jcb,"Wine - Red, Lurton Merlot De",L,$4.76
Buick,jcb,Soup Campbells Turkey Veg.,XS,$6.49
Audi,visa-electron,Beer - Sleeman Fine Porter,S,$0.78
Lamborghini,jcb,Piping - Bags Quizna,S,$8.82
Honda,visa-electron,"Artichokes - Knobless, White",2XL,$7.39
Buick,maestro,Glucose,L,$6.97
Toyota,diners-club-carte-blanche,"Wine - Red, Gallo, Merlot",L,$0.45
Pontiac,laser,Quiche Assorted,2XL,$7.28
Suzuki,diners-club-international,Water Chestnut - Canned,XL,$2.08
Dodge,mastercard,Juice - Mango,XS,$6.64
Lexus,americanexpress,Kirsch - Schloss,S,$6.27
Toyota,maestro,"Pork - Chop, Frenched",2XL,$6.13
GMC,maestro,"Wine - White, Ej Gallo",XS,$4.06
Ford,jcb,V8 - Tropical Blend,S,$7.18
Hyundai,visa-electron,Black Currants,S,$0.28
Mercedes-Benz,jcb,Scampi Tail,S,$3.93
Pontiac,bankcard,"Bread - Roll, Soft White Round",XL,$5.51
Pontiac,jcb,Tia Maria,XL,$4.14
Honda,jcb,Beef - Tenderloin - Aa,2XL,$0.38
Jeep,jcb,"Rum - Dark, Bacardi, Black",M,$0.44
Honda,maestro,"Bread - Multigrain, Loaf",3XL,$5.96
Hyundai,maestro,Bag Clear 10 Lb,XS,$6.84
Mercedes-Benz,maestro,"Beer - Alexander Kieths, Pale Ale",XS,$4.11
Pontiac,jcb,Shrimp - 150 - 250,S,$9.30
Chrysler,bankcard,Devonshire Cream,XS,$8.04
Mercedes-Benz,jcb,"Octopus - Baby, Cleaned",XS,$7.54
Chevrolet,jcb,"Nut - Almond, Blanched, Whole",3XL,$1.49
Mazda,diners-club-enroute,Radish - Pickled,3XL,$3.99
BMW,laser,Sponge Cake Mix - Vanilla,M,$0.94
Lexus,jcb,"Soup - French Onion, Dry",XL,$6.46
BMW,jcb,Cup - Paper 10oz 92959,M,$5.60
Dodge,visa,Pepper - Yellow Bell,3XL,$0.21
Honda,jcb,Pickerel - Fillets,M,$3.88
Jeep,visa,Mangoes,S,$3.59
Pontiac,solo,Shark - Loin,L,$2.94
BMW,jcb,Nescafe - Frothy French Vanilla,2XL,$8.90
Ford,maestro,"Vodka - Hot, Lnferno",2XL,$7.58
Porsche,jcb,Peppercorns - Pink,M,$9.59
Lotus,jcb,"Bread - Roll, Soft White Round",L,$9.48
Toyota,jcb,Pepper - Green,3XL,$8.46
Infiniti,diners-club-international,"Cup - 3.5oz, Foam",XL,$6.41
Maserati,visa-electron,Kellogs Raisan Bran Bars,L,$3.48
Oldsmobile,switch,Muffin - Mix - Mango Sour Cherry,2XL,$0.21
GMC,jcb,Sage Ground Wiberg,3XL,$6.92
Chevrolet,mastercard,Pork - Smoked Back Bacon,3XL,$9.23
Aston Martin,diners-club-carte-blanche,Sugar - Monocystal / Rock,M,$7.40
Porsche,americanexpress,Soup Campbells Mexicali Tortilla,L,$7.12
Toyota,jcb,"Syrup - Golden, Lyles",L,$4.92
Lincoln,visa,Rice - Basmati,L,$7.13
Lexus,jcb,"Nut - Pecan, Halves",M,$5.10
Dodge,visa-electron,Milk - 1%,2XL,$2.77
Suzuki,bankcard,Lobster - Tail 6 Oz,S,$6.36
Ford,bankcard,Cream - 10%,S,$1.11
Land Rover,jcb,Rum - Mount Gay Eclipes,L,$2.62
Lexus,maestro,Venison - Denver Leg Boneless,S,$4.70
Mazda,americanexpress,"Tea - Darjeeling, Azzura",2XL,$5.97
Porsche,bankcard,Bacon Strip Precooked,XS,$4.94
Honda,visa-electron,"Quail - Whole, Boneless",2XL,$9.30
GMC,jcb,Muffin Mix - Morning Glory,S,$1.56
Toyota,visa-electron,Kahlua,S,$7.39
Lotus,jcb,Pastry - Apple Muffins - Mini,3XL,$4.57
GMC,china-unionpay,Beef - Rib Eye Aaa,XS,$8.10
Toyota,jcb,Longan,M,$6.65
Ford,jcb,"Wine - Red, Pinot Noir, Chateau",S,$2.66
Nissan,jcb,Cake - Bande Of Fruit,S,$5.24
Cadillac,china-unionpay,"Shrimp, Dried, Small / Lb",XS,$6.58
Mitsubishi,visa-electron,"Lemonade - Island Tea, 591 Ml",3XL,$1.36
MINI,switch,Bar Energy Chocchip,XL,$5.98
Acura,switch,Mix Pina Colada,3XL,$3.57
Mercedes-Benz,switch,"Lamb - Pieces, Diced",3XL,$3.80
Pontiac,diners-club-enroute,English Muffin,L,$3.65
Volkswagen,jcb,Syrup - Monin - Granny Smith,3XL,$0.21
Volvo,instapayment,"Chilli Paste, Ginger Garlic",M,$1.71
Land Rover,diners-club-carte-blanche,Pork - Caul Fat,M,$5.91
Ford,jcb,Pomegranates,M,$0.43
Chevrolet,diners-club-enroute,Wine - Casillero Deldiablo,M,$8.49
Geo,visa-electron,Nestea - Iced Tea,XL,$6.37
Pontiac,maestro,"Veal - Brisket, Provimi,bnls",XS,$9.22
Mazda,switch,Ecolab - Medallion,2XL,$2.22
Suzuki,americanexpress,"Wine - Red, Antinori Santa",3XL,$8.87
Dodge,diners-club-carte-blanche,Muffin Mix - Banana Nut,XL,$5.03
Chrysler,mastercard,Cranberries - Dry,L,$7.74
Chevrolet,jcb,Container - Hngd Cll Blk 7x7x3,3XL,$1.97
Mazda,jcb,Pastrami,2XL,$4.07
Pontiac,americanexpress,Hersey Shakes,S,$2.74
GMC,jcb,Orange Roughy 4/6 Oz,M,$9.87
Lotus,visa-electron,Cranberries - Fresh,XS,$0.60
Mercedes-Benz,bankcard,Water - Perrier,S,$0.47
Chevrolet,jcb,Langers - Mango Nectar,S,$4.74
Toyota,maestro,Wine - Alicanca Vinho Verde,M,$6.68
Volvo,mastercard,French Kiss Vanilla,XS,$9.89
Nissan,jcb,Juice - Orangina,3XL,$8.75
Mitsubishi,switch,Wonton Wrappers,M,$3.31
Audi,jcb,Tomato Puree,2XL,$4.81
Jeep,diners-club-enroute,Tilapia - Fillets,XS,$7.05
Honda,instapayment,Icecream - Dstk Super Cone,L,$0.45
GMC,jcb,Towel Dispenser,2XL,$0.15
Ford,mastercard,Melon - Cantaloupe,XL,$7.06
Mercedes-Benz,diners-club-enroute,Turnip - Wax,L,$2.72
Ford,bankcard,"Pasta - Orzo, Dry",M,$5.41
Maserati,jcb,Wine - Casillero Deldiablo,XS,$0.90
Mitsubishi,americanexpress,Cheese - St. Andre,2XL,$8.80
Lincoln,jcb,Aspic - Light,XL,$7.23
Chevrolet,maestro,Celery,XS,$6.54
GMC,visa,Beef - Montreal Smoked Brisket,S,$9.26
BMW,jcb,Slt - Individual Portions,XS,$8.40
Kia,visa-electron,Nectarines,S,$7.65
Ford,switch,Cake Sheet Combo Party Pack,2XL,$3.04
Volkswagen,jcb,Cookie Dough - Double,L,$0.47
Lexus,jcb,Radish,2XL,$9.41
Alfa Romeo,jcb,Squid Ink,M,$6.57
GMC,jcb,Mudslide,XL,$3.02
Porsche,jcb,Vodka - Moskovskaya,L,$2.31
Chrysler,jcb,Sauce - Chili,XS,$9.76
Audi,bankcard,Mustard Prepared,3XL,$5.13
Toyota,bankcard,"Basil - Dry, Rubbed",M,$3.08
Buick,mastercard,Edible Flower - Mixed,S,$1.31
Dodge,jcb,Appetizer - Lobster Phyllo Roll,2XL,$7.77
Lincoln,switch,"Pepper - Green, Chili",L,$1.96
Volkswagen,visa-electron,Ostrich - Fan Fillet,2XL,$3.83
Nissan,jcb,Mayonnaise - Individual Pkg,M,$3.01
Mercury,diners-club-carte-blanche,Apricots - Dried,XS,$6.42
Porsche,china-unionpay,"Beans - Black Bean, Canned",M,$7.22
Bentley,bankcard,Turkey - Oven Roast Breast,L,$1.14
GMC,visa-electron,Pepper - Cubanelle,XS,$8.54
Ferrari,americanexpress,"Napkin - Dinner, White",XS,$0.19
Ford,jcb,Beef - Tenderloin - Aa,2XL,$2.80
Chevrolet,maestro,Chicken Breast Wing On,M,$9.68
Nissan,visa-electron,Nantucket - Carrot Orange,2XL,$2.47
GMC,visa-electron,Sesame Seed Black,XL,$0.68
Chevrolet,diners-club-enroute,Cinnamon Buns Sticky,XS,$8.93
Hyundai,jcb,Ham - Cooked,XS,$7.16
Ford,jcb,Fireball Whisky,XS,$9.58
Pontiac,visa-electron,Crackers - Graham,L,$0.87
Mercedes-Benz,jcb,"Jam - Blackberry, 20 Ml Jar",XL,$9.45
Buick,visa-electron,Ecolab - Lime - A - Way 4/4 L,3XL,$1.62
GMC,jcb,Turkey - Ground. Lean,3XL,$6.07
Isuzu,maestro,"Bread - Roll, Canadian Dinner",M,$8.18
Dodge,jcb,Milk - 2% 250 Ml,L,$8.46
BMW,visa-electron,Chambord Royal,S,$5.64
Cadillac,jcb,Aspic - Light,2XL,$2.98
Rolls-Royce,maestro,Container - Foam Dixie 12 Oz,M,$8.54
Chevrolet,solo,Yoghurt Tubes,S,$5.56
Honda,mastercard,Butter Ripple - Phillips,2XL,$7.71
Infiniti,visa-electron,"Pail - 4l White, With Handle",3XL,$5.16
Dodge,jcb,Sobe - Green Tea,2XL,$4.29
Infiniti,mastercard,"Nut - Walnut, Pieces",3XL,$8.23
Ford,jcb,Dried Cranberries,L,$7.24
Chevrolet,bankcard,"Ranchero - Primerba, Paste",3XL,$9.25
Volkswagen,jcb,Cheese - La Sauvagine,S,$7.93
Acura,americanexpress,Chivas Regal - 12 Year Old,XL,$1.43
Honda,maestro,Seaweed Green Sheets,3XL,$3.43
Subaru,bankcard,Chef Hat 20cm,2XL,$1.94
Chevrolet,diners-club-carte-blanche,Salmon - Fillets,L,$1.23
GMC,laser,Beef - Top Sirloin - Aaa,L,$9.40
Ford,jcb,Muffin Mix - Carrot,XS,$9.76
Saturn,china-unionpay,Mini - Vol Au Vents,S,$2.55
Dodge,diners-club-enroute,"Wine - Sherry Dry Sack, William",3XL,$5.86
Ford,mastercard,"Tart Shells - Barquettes, Savory",XL,$5.56
Oldsmobile,switch,"Doilies - 8, Paper",XS,$1.58
Chevrolet,jcb,Silicone Paper 16.5x24,M,$4.84
Porsche,diners-club-enroute,Cheese - Fontina,M,$8.22
Mazda,jcb,Fish - Bones,XS,$2.61
Buick,jcb,V8 Splash Strawberry Banana,3XL,$1.80
Volkswagen,instapayment,Kellogs All Bran Bars,XS,$1.95
Mitsubishi,jcb,"Mustard - Dry, Powder",XL,$9.59
Toyota,mastercard,"Mop Head - Cotton, 24 Oz",L,$7.64
Foose,jcb,Crackers - Graham,3XL,$0.35
Mazda,mastercard,Cookie Dough - Oatmeal Rasin,XS,$7.95
Volkswagen,jcb,Madeira,L,$0.81
Chevrolet,diners-club-enroute,"Juice - Apple, 500 Ml",2XL,$5.83
Hyundai,jcb,Wine - Rhine Riesling Wolf Blass,2XL,$7.29
Suzuki,jcb,Toamtoes 6x7 Select,S,$0.61
Chevrolet,jcb,Extract Vanilla Pure,S,$3.51
Chevrolet,instapayment,Cinnamon - Ground,M,$4.62
Bentley,diners-club-carte-blanche,Oil - Olive Bertolli,2XL,$2.73
Dodge,jcb,Table Cloth 90x90 Colour,2XL,$6.67
Volvo,jcb,"Crab - Claws, Snow 16 - 24",3XL,$2.18
Saab,jcb,Sugar Thermometer,L,$3.44
Mercedes-Benz,mastercard,"Octopus - Baby, Cleaned",XS,$0.32
Volvo,jcb,Arizona - Green Tea,M,$1.78
Saturn,jcb,Truffle Cups - White Paper,2XL,$3.29
Dodge,bankcard,"Soup - French Onion, Dry",XS,$9.17
Mercury,jcb,Lid Tray - 16in Dome,2XL,$6.49
Volkswagen,americanexpress,Wine - Gewurztraminer Pierre,2XL,$4.43
Toyota,jcb,Oil - Hazelnut,2XL,$4.91
Mercedes-Benz,jcb,Lid Tray - 12in Dome,XS,$1.89
Mercedes-Benz,jcb,Pork - Bones,XL,$3.56
Chevrolet,mastercard,Cake - Miini Cheesecake Cherry,L,$4.23
Mercury,instapayment,Sour Puss Raspberry,M,$2.74
Ford,diners-club-enroute,Wine - Jafflin Bourgongone,3XL,$0.86
Mitsubishi,laser,Fond - Neutral,L,$0.98
Ford,china-unionpay,Banana,S,$1.97
Eagle,diners-club-enroute,Wine - Ice Wine,XS,$1.74
Chevrolet,mastercard,"Vermouth - White, Cinzano",S,$9.56
Lotus,diners-club-international,Wine - Vineland Estate Semi - Dry,XL,$6.88
Mitsubishi,jcb,Peach - Fresh,L,$8.88
Lexus,maestro,Uniform Linen Charge,M,$0.25
Audi,china-unionpay,Flour - Strong,L,$2.93
Chevrolet,jcb,Beef - Sushi Flat Iron Steak,S,$9.96
Chevrolet,maestro,"Veal - Chops, Split, Frenched",2XL,$0.24
Suzuki,jcb,Pork - Smoked Kassler,L,$1.01
Volkswagen,americanexpress,Sauce - Alfredo,XL,$1.55
Plymouth,jcb,Oats Large Flake,XS,$5.74
Jeep,americanexpress,Sansho Powder,XS,$7.73
Dodge,visa,Energy - Boo - Koo,M,$1.79
GMC,jcb,Hot Choc Vending,M,$6.65
Toyota,mastercard,Wine - Cousino Macul Antiguas,M,$2.99
Ford,switch,Pastry - Apple Large,XS,$1.00
Bentley,jcb,"Soup - Campbells, Lentil",L,$5.15
Pontiac,visa-electron,Pork - Hock And Feet Attached,XL,$5.66
Chrysler,instapayment,Soup - Campbells Mushroom,2XL,$6.71
Chrysler,americanexpress,Coffee Cup 12oz 5342cd,M,$9.71
Cadillac,mastercard,Wine - Acient Coast Caberne,2XL,$0.80
Ford,jcb,Rabbit - Frozen,S,$0.46
Honda,switch,Soup Campbells,2XL,$3.67
Acura,diners-club-enroute,Sambuca - Ramazzotti,XS,$3.38
Honda,jcb,Veal - Inside,M,$4.98
Lexus,jcb,"Wine - Red, Cabernet Merlot",S,$9.98
Mitsubishi,jcb,Ginger - Pickled,XL,$9.08
GMC,jcb,Oil - Safflower,3XL,$8.00
Kia,mastercard,"Star Anise, Whole",S,$2.42
Jeep,laser,"Soup - Knorr, Classic Can. Chili",XS,$9.40
Subaru,jcb,Appetizer - Escargot Puff,L,$6.24
Ford,switch,Wine - Cotes Du Rhone Parallele,3XL,$9.35
Nissan,jcb,"Nut - Pecan, Halves",L,$8.58
Hyundai,china-unionpay,Cheese - Parmesan Grated,2XL,$5.75
Mitsubishi,jcb,Juice - V8 Splash,XS,$8.90
Chevrolet,bankcard,Bread - Sour Sticks With Onion,XL,$7.06
Mercedes-Benz,switch,"Bread - Roll, Calabrese",S,$5.76
Land Rover,visa-electron,Beer - Mcauslan Apricot,2XL,$0.51
Saab,jcb,Beans - Kidney White,3XL,$1.79
Mitsubishi,jcb,Ecolab - Hobart Upr Prewash Arm,M,$5.92
Mitsubishi,jcb,"Beef - Rouladin, Sliced",3XL,$6.42
Ford,jcb,Cheese - Ermite Bleu,XS,$8.86
Jeep,jcb,Cheese - Mascarpone,L,$9.33
Volvo,jcb,Straw - Regular,S,$0.66
Ford,jcb,Wine - Prosecco Valdobienne,2XL,$3.59
Pontiac,jcb,Appetiser - Bought,L,$0.97
Ford,china-unionpay,"Yogurt - Banana, 175 Gr",XL,$5.83
Suzuki,jcb,Raspberries - Frozen,L,$3.11
Mazda,mastercard,Bouillion - Fish,M,$9.13
Chevrolet,jcb,Coconut - Whole,3XL,$0.93
Bentley,jcb,Wine - Domaine Boyar Royal,S,$6.75
GMC,diners-club-carte-blanche,"Fish - Halibut, Cold Smoked",S,$5.82
Ford,jcb,Lid - 16 Oz And 32 Oz,L,$8.69
Chevrolet,jcb,Sausage - Chorizo,XS,$4.63
Nissan,bankcard,Cheese Cloth No 60,2XL,$8.10
Suzuki,jcb,Coffee Caramel Biscotti,XS,$1.08
Volvo,maestro,Smirnoff Green Apple Twist,2XL,$8.36
GMC,mastercard,"Lid - High Heat, Super Clear",L,$4.99
Mitsubishi,diners-club-us-ca,Wine - Stoneliegh Sauvignon,3XL,$0.09
Smart,maestro,Crackers - Melba Toast,2XL,$7.08
Saturn,jcb,"Soup - Campbells, Minestrone",XL,$1.86
Volkswagen,jcb,"Fish - Soup Base, Bouillon",S,$4.67
Toyota,solo,Bacardi Raspberry,2XL,$5.36
BMW,diners-club-carte-blanche,Butcher Twine 4r,3XL,$6.73
Porsche,visa-electron,"Wine - White, Pinot Grigio",XL,$1.37
Ford,diners-club-us-ca,Beer - Sleemans Cream Ale,3XL,$5.24
Infiniti,china-unionpay,Edible Flower - Mixed,XS,$2.67
Saab,jcb,"Wine - Red, Gallo, Merlot",XL,$3.56
Mazda,maestro,Bread - Burger,M,$2.78
Pontiac,maestro,Beer - Blue Light,2XL,$1.85
GMC,switch,Cheese - Roquefort Pappillon,3XL,$3.42
Ford,jcb,Couscous,3XL,$5.64
Ford,laser,Flower - Dish Garden,3XL,$4.66
Ford,jcb,Tea - Black Currant,L,$4.34
Scion,mastercard,Cream Of Tartar,XL,$6.34
Lexus,mastercard,"Soup - Beef, Base Mix",M,$4.73
Oldsmobile,jcb,Cucumber - English,L,$5.57
Mitsubishi,mastercard,Nantucket - Kiwi Berry Cktl.,2XL,$8.82
Lincoln,switch,"Fish - Artic Char, Cold Smoked",L,$6.67
Mercury,mastercard,Sorrel - Fresh,S,$4.74
Hummer,jcb,Sauce - Hollandaise,L,$9.61
Cadillac,mastercard,Basil - Pesto Sauce,L,$6.24
Chevrolet,diners-club-enroute,Veal - Sweetbread,XL,$0.52
Dodge,jcb,Flax Seed,XS,$0.83
Mazda,jcb,Chocolate Bar - Smarties,L,$8.99
Mitsubishi,jcb,Syrup - Monin - Blue Curacao,M,$1.86
Lincoln,jcb,Turnip - Mini,L,$3.56
Oldsmobile,jcb,Cattail Hearts,M,$4.69
BMW,china-unionpay,Cups 10oz Trans,XL,$7.35
Ford,jcb,Cookies Almond Hazelnut,2XL,$5.32
Suzuki,mastercard,Longos - Lasagna Beef,XL,$6.50
Volvo,china-unionpay,Squash - Sunburst,S,$5.74
Toyota,jcb,Vinegar - Sherry,2XL,$2.84
GMC,bankcard,Cheese - Cambozola,2XL,$0.21
Audi,jcb,Horseradish - Prepared,S,$9.60
Toyota,jcb,Cookies - Englishbay Wht,3XL,$9.53
Citroën,jcb,Chocolate - Mi - Amere Semi,S,$9.47
Jaguar,diners-club-enroute,"Wine - White, Ej",L,$4.00
Dodge,maestro,Spice - Paprika,XL,$3.65
Buick,maestro,Food Colouring - Blue,XL,$0.46
Dodge,diners-club-carte-blanche,Butter Ripple - Phillips,XL,$0.95
Buick,bankcard,"Tortillas - Flour, 12",2XL,$0.86
Dodge,diners-club-carte-blanche,"Extract - Vanilla,artificial",M,$7.29
Mercedes-Benz,jcb,Silicone Paper 16.5x24,L,$9.09
Cadillac,jcb,Apron,S,$2.09
BMW,solo,Gelatine Leaves - Bulk,XS,$1.28
Chevrolet,switch,Beef - Flank Steak,S,$0.53
Porsche,mastercard,"Beef - Ox Tongue, Pickled",2XL,$3.94
Volkswagen,mastercard,Sauce - Caesar Dressing,XL,$5.39
Audi,jcb,Muffin Mix - Lemon Cranberry,XL,$3.57
Land Rover,diners-club-carte-blanche,Nantucket - Kiwi Berry Cktl.,M,$8.51
Toyota,maestro,Bread - White Mini Epi,XS,$2.83
Toyota,jcb,Icecream Bar - Del Monte,L,$6.90
Chevrolet,jcb,Kiwi,2XL,$7.68
Mazda,jcb,Alize Red Passion,XS,$9.80
Nissan,jcb,Tea - Decaf 1 Cup,2XL,$6.96
Ford,jcb,Pop - Club Soda Can,XL,$6.24
Mazda,americanexpress,Juice - Happy Planet,M,$8.78
Ford,jcb,Basil - Seedlings Cookstown,2XL,$8.39
Dodge,jcb,Bread Cranberry Foccacia,L,$1.65
GMC,switch,Chocolate - White,XL,$1.00
Volvo,jcb,Plastic Wrap,3XL,$1.67
Hyundai,visa-electron,Capicola - Hot,XL,$3.58
Maserati,mastercard,Monkfish - Fresh,XL,$8.97
Land Rover,china-unionpay,Sauce - Caesar Dressing,3XL,$4.35
Suzuki,jcb,"Lamb - Pieces, Diced",3XL,$4.17
Suzuki,jcb,Clementine,3XL,$9.06
BMW,jcb,"Pepper - Red, Finger Hot",3XL,$2.26
Land Rover,jcb,"Wine - Red, Mouton Cadet",M,$0.73
Ford,jcb,Pail With Metal Handle 16l White,2XL,$1.11
Dodge,maestro,Puff Pastry - Slab,3XL,$4.00
Ford,bankcard,"Lid - Translucent, 3.5 And 6 Oz",XS,$2.85
GMC,jcb,Puree - Strawberry,M,$0.68
GMC,maestro,Pear - Packum,S,$4.95
Chevrolet,visa,Beer - Sleemans Honey Brown,2XL,$8.95
Chevrolet,jcb,Crab - Meat Combo,S,$6.69
Hyundai,jcb,"Beef - Ox Tail, Frozen",L,$5.34
Mitsubishi,switch,Chef Hat 25cm,S,$2.19
Chevrolet,jcb,Bread Crumbs - Panko,S,$1.42
Audi,jcb,Coffee Decaf Colombian,XS,$2.23
Rolls-Royce,laser,Chocolate - White,S,$5.93
Plymouth,jcb,Clams - Bay,M,$8.00
Mercury,jcb,Pastry - Lemon Danish - Mini,2XL,$6.58
Ford,jcb,Chicken Breast Wing On,M,$8.81
Austin,jcb,Bay Leaf Ground,XL,$5.74
Bentley,mastercard,Chip - Potato Dill Pickle,L,$9.00
Volvo,diners-club-us-ca,Wine - Alsace Gewurztraminer,XL,$6.17
Ford,jcb,Sea Urchin,M,$4.55
Acura,jcb,Cookies - Englishbay Wht,3XL,$5.85
Mercedes-Benz,bankcard,Ketchup - Tomato,S,$4.04
Nissan,maestro,White Baguette,L,$8.80
Toyota,bankcard,Fiddlehead - Frozen,M,$5.16
Audi,jcb,Shortbread - Cookie Crumbs,S,$2.01
Mercedes-Benz,jcb,Veal - Osso Bucco,3XL,$1.24
Dodge,solo,Shrimp - 150 - 250,L,$4.10
Toyota,jcb,Milk Powder,S,$2.77
Cadillac,maestro,Nougat - Paste / Cream,M,$4.47
Ford,laser,Flour - So Mix Cake White,XL,$4.10
Subaru,maestro,Lettuce - Lolla Rosa,M,$3.49
GMC,jcb,Wine - Magnotta - Belpaese,S,$4.13
Honda,maestro,Beer - Upper Canada Lager,2XL,$8.69
Hyundai,jcb,Blouse / Shirt / Sweater,XS,$5.79
Lexus,americanexpress,Towel Multifold,M,$2.75
Audi,americanexpress,Dikon,S,$2.43
Toyota,diners-club-enroute,Tea - Mint,S,$4.36
Maserati,jcb,Chicken - Tenderloin,3XL,$4.03
Pontiac,switch,"Syrup - Monin, Amaretta",S,$0.84
GMC,switch,Muffin Batt - Ban Dream Zero,2XL,$0.01
Subaru,jcb,"Napkin - Beverge, White 2 - Ply",2XL,$7.83
Dodge,diners-club-carte-blanche,Veal - Eye Of Round,XS,$3.78
Nissan,jcb,Ice Cream - Chocolate,2XL,$9.24
Audi,jcb,Muffin Mix - Oatmeal,S,$1.87
Honda,americanexpress,"Veal - Shank, Pieces",S,$3.48
Volvo,diners-club-enroute,Muffin Carrot - Individual,2XL,$0.97
Infiniti,jcb,Lamb - Sausage Casings,3XL,$1.45
Chrysler,instapayment,Eggplant - Regular,XS,$6.70
BMW,mastercard,"Pepper - Paprika, Spanish",S,$4.88
Hummer,mastercard,Sambuca - Opal Nera,2XL,$4.19
Toyota,bankcard,Potatoes - Parissienne,L,$7.27
Lincoln,china-unionpay,Calaloo,2XL,$6.60
Daihatsu,bankcard,"Sugar - Brown, Individual",L,$1.44
Mazda,jcb,Cake - Miini Cheesecake Cherry,XL,$8.28
GMC,laser,Soup - Campbells,L,$6.89
Pontiac,jcb,Puree - Kiwi,S,$6.28
Honda,jcb,Clementine,M,$1.18
Ford,jcb,Trueblue - Blueberry,XL,$3.14
Hyundai,visa,Spice - Pepper Portions,S,$3.26
Dodge,jcb,Irish Cream - Butterscotch,L,$2.96
Lexus,americanexpress,Pasta - Canelloni,XS,$7.84
Isuzu,jcb,Potatoes - Yukon Gold 5 Oz,S,$4.94
Isuzu,diners-club-carte-blanche,Danishes - Mini Cheese,XL,$7.50
Suzuki,maestro,Pickle - Dill,L,$2.37
Ford,jcb,Cheese - Gouda Smoked,XS,$7.59
Lexus,jcb,Rosemary - Dry,3XL,$3.34
Lincoln,instapayment,Truffle Cups - Brown,XL,$0.00
Bentley,jcb,Coffee - Flavoured,XL,$6.10
MINI,mastercard,Olives - Kalamata,2XL,$8.43
GMC,laser,Milk - Homo,M,$5.94
Toyota,diners-club-enroute,Pork - Smoked Kassler,XS,$7.54
Toyota,laser,Wine - Rhine Riesling Wolf Blass,S,$4.75
Chevrolet,jcb,Jello - Assorted,XL,$9.50
Ford,visa,Wine - Magnotta - Belpaese,XS,$4.36
Land Rover,visa-electron,Containter - 3oz Microwave Rect.,XL,$6.91
Pontiac,jcb,"Beef - Bones, Marrow",2XL,$9.56
Chevrolet,diners-club-carte-blanche,Beer - Upper Canada Light,S,$3.49
Audi,jcb,Propel Sport Drink,XL,$9.37
Ford,visa-electron,Sugar - Splenda Sweetener,M,$4.45
Hyundai,jcb,Table Cloth 62x114 Colour,3XL,$5.50
BMW,china-unionpay,Wine - Rioja Campo Viejo,XS,$8.91
Nissan,jcb,Mangoes,XS,$5.37
Mercedes-Benz,jcb,"Mushroom - Chantrelle, Fresh",3XL,$5.99
Honda,switch,Nut - Pumpkin Seeds,XL,$3.23
Mazda,jcb,Cheese - Mozzarella,2XL,$4.80
Cadillac,diners-club-us-ca,Wine - Fat Bastard Merlot,S,$0.92
BMW,diners-club-enroute,Ecolab - Lime - A - Way 4/4 L,3XL,$4.72
Maybach,visa,"Fish - Soup Base, Bouillon",3XL,$4.39
Nissan,jcb,Muffin Puck Ww Carrot,M,$6.20
Audi,laser,Corn Kernels - Frozen,3XL,$0.10
Cadillac,jcb,Tea - Green,XL,$9.20
Tesla,americanexpress,Grapes - Black,3XL,$2.52
Volvo,jcb,Cabbage - Red,L,$2.23
Chevrolet,jcb,Island Oasis - Strawberry,L,$3.53
Chevrolet,switch,Frangelico,2XL,$6.45
Infiniti,diners-club-carte-blanche,"Cheese - Cheddar, Medium",2XL,$2.76
Shelby,mastercard,Ice Cream - Vanilla,S,$4.34
Lincoln,jcb,Sugar - Cubes,XS,$1.97
Isuzu,jcb,Apricots - Halves,S,$6.92
Pontiac,jcb,Pectin,3XL,$2.87
Mazda,bankcard,"Leeks - Baby, White",L,$1.30
Chrysler,maestro,Onions - Pearl,M,$9.43
Maserati,americanexpress,V8 Pet,S,$0.41
Audi,maestro,"Sugar - Brown, Individual",M,$9.44
Toyota,jcb,Calypso - Lemonade,XS,$3.07
GMC,diners-club-carte-blanche,Food Colouring - Pink,XL,$3.46
Infiniti,mastercard,Chocolate - Semi Sweet,XL,$3.19
Acura,mastercard,Cape Capensis - Fillet,L,$0.67
Jeep,jcb,Tea - Camomele,3XL,$2.25
GMC,jcb,Kale - Red,2XL,$0.18
Ford,americanexpress,"Soup - Campbells, Beef Barley",M,$1.78
Dodge,mastercard,Caviar - Salmon,XL,$1.94
Toyota,instapayment,Icecream - Dstk Super Cone,M,$8.21
Ford,switch,Pastry - Cherry Danish - Mini,2XL,$8.85
Ford,visa-electron,"Bread - Multigrain, Loaf",L,$7.73
Ford,mastercard,Ice Cream Bar - Rolo Cone,L,$2.72
Volkswagen,china-unionpay,Thyme - Fresh,XS,$3.47
Toyota,mastercard,Chicken - Wieners,2XL,$4.04
Jeep,mastercard,"Beans - Navy, Dry",3XL,$9.70
Dodge,maestro,"Vermacelli - Sprinkles, Assorted",L,$7.65
Chevrolet,jcb,Sour Puss Sour Apple,2XL,$7.40
Jeep,mastercard,Extract - Raspberry,2XL,$4.79
Saturn,switch,Cumin - Whole,XS,$7.38
Jaguar,jcb,Bread - Bistro White,S,$5.33
BMW,americanexpress,Pastry - Baked Scones - Mini,3XL,$0.32
GMC,diners-club-enroute,Wine - Chenin Blanc K.w.v.,M,$4.28
Subaru,diners-club-enroute,Garbag Bags - Black,XL,$7.89
Land Rover,jcb,Tandoori Curry Paste,2XL,$3.02
GMC,jcb,Soup - Campbells Tomato Ravioli,XL,$7.10
Porsche,diners-club-us-ca,Evaporated Milk - Skim,L,$1.40
Pontiac,jcb,Versatainer Nc - 9388,L,$3.13
Lexus,jcb,Island Oasis - Lemonade,2XL,$3.01
Nissan,diners-club-enroute,Longos - Chicken Wings,S,$8.24
Audi,diners-club-carte-blanche,Vacuum Bags 12x16,L,$3.68
Audi,diners-club-carte-blanche,Cheese - Bakers Cream Cheese,L,$9.41
Pontiac,switch,"Tarragon - Primerba, Paste",2XL,$9.96
Mercedes-Benz,jcb,Chocolate - Unsweetened,2XL,$0.43
Toyota,switch,Salami - Genova,M,$9.35
Chevrolet,visa,Pail For Lid 1537,2XL,$3.82
Chevrolet,visa-electron,English Muffin,2XL,$0.47
Pontiac,laser,"Lobster - Baby, Boiled",M,$8.96
GMC,jcb,Rolled Oats,2XL,$2.71
Dodge,switch,Cocoa Feuilletine,3XL,$0.93
Ford,americanexpress,Chip - Potato Dill Pickle,XS,$6.95
Mercedes-Benz,jcb,Temperature Recording Station,XL,$8.05
Volkswagen,jcb,"Cheese - Romano, Grated",2XL,$6.01
Chrysler,mastercard,Dip - Tapenade,M,$5.61
Volkswagen,jcb,Gatorade - Xfactor Berry,M,$9.03
Mazda,laser,Flour - Teff,L,$0.38
Honda,jcb,"Sauce - Apple, Unsweetened",XS,$7.48
BMW,maestro,Canadian Emmenthal,3XL,$6.82
Volvo,jcb,Butter Ripple - Phillips,L,$0.92
Lexus,bankcard,Sobe - Liz Blizz,XS,$6.57
Chevrolet,china-unionpay,Turnip - White,2XL,$9.43
Audi,jcb,Yoghurt Tubes,XS,$6.66
Mazda,diners-club-enroute,Cleaner - Pine Sol,M,$7.59
Chevrolet,maestro,Carbonated Water - Lemon Lime,S,$4.10
Ford,visa-electron,Vaccum Bag 10x13,2XL,$3.39
Ford,jcb,"Nut - Pecan, Halves",3XL,$5.46
Bentley,mastercard,"Pork - Loin, Center Cut",XL,$5.06
Mitsubishi,visa,"Pasta - Fettuccine, Dry",3XL,$3.18
Honda,jcb,"Seedlings - Buckwheat, Organic",M,$3.33
Chevrolet,laser,"Lid - 10,12,16 Oz",XS,$7.47
Isuzu,diners-club-international,"Soup - Beef, Base Mix",3XL,$7.02
Volkswagen,mastercard,Liquid Aminios Acid - Braggs,XS,$2.68
Subaru,jcb,Squash - Sunburst,XL,$0.11
Audi,jcb,"Sauce - Soya, Dark",3XL,$1.45
Mazda,instapayment,Cactus Pads,2XL,$0.38
Volkswagen,americanexpress,Pastry - Baked Cinnamon Stick,3XL,$5.62
MINI,mastercard,"Bread - Sticks, Thin, Plain",XL,$9.52
Volvo,jcb,Yokaline,XL,$5.68
Lexus,diners-club-enroute,Muffin Hinge Container 6,S,$4.58
Toyota,maestro,"Wine - White, Schroder And Schyl",2XL,$1.51
Subaru,maestro,"Pork - Bacon, Double Smoked",XS,$7.26
Suzuki,china-unionpay,Compound - Pear,M,$1.37
GMC,visa-electron,Cheese Cloth,M,$4.57
Suzuki,diners-club-us-ca,Water Chestnut - Canned,2XL,$7.14
Audi,laser,Table Cloth 81x81 Colour,XL,$9.69
Chevrolet,jcb,Soup V8 Roasted Red Pepper,M,$5.23
Acura,jcb,Filter - Coffee,M,$9.35
Toyota,jcb,Coffee - Almond Amaretto,XS,$1.99
Honda,jcb,Steel Wool S.o.s,XS,$2.56
Nissan,jcb,Milk - Homo,2XL,$9.10
BMW,jcb,Oil - Cooking Spray,2XL,$3.82
Subaru,diners-club-us-ca,Sauce - Rosee,M,$9.36
GMC,jcb,Coffee - Decafenated,M,$5.70
Geo,bankcard,"Pasta - Gnocchi, Potato",S,$6.27
Dodge,jcb,Bar Special K,M,$4.54
Ford,china-unionpay,Beer - Camerons Auburn,3XL,$4.79
Ford,diners-club-enroute,Pork - Inside,XL,$0.08
Toyota,jcb,Squid - U 5,2XL,$8.01
Dodge,jcb,Wine - Soave Folonari,M,$0.83
Mitsubishi,jcb,Salmon Atl.whole 8 - 10 Lb,L,$4.51
MINI,visa-electron,Muffin - Blueberry Individual,2XL,$2.42
Buick,diners-club-international,"Pepper - Chipotle, Canned",XS,$8.24
Chrysler,mastercard,"Juice - Clam, 46 Oz",M,$7.31
Chevrolet,jcb,Toothpick Frilled,M,$8.68
GMC,diners-club-enroute,Pastry - Banana Tea Loaf,XS,$6.74
Volvo,mastercard,Wine - Chardonnay South,M,$8.74
Audi,solo,Chutney Sauce - Mango,M,$2.14
Lincoln,jcb,Bread Roll Foccacia,L,$0.69
BMW,jcb,Snapple - Mango Maddness,L,$5.61
Dodge,jcb,Sugar - Brown,M,$2.06
Pontiac,jcb,Grapefruit - White,3XL,$0.17
Ford,jcb,Mace,XS,$0.27
Saab,bankcard,Crackers - Trio,XS,$2.16
Chrysler,jcb,Yogurt - Plain,S,$5.06
Dodge,visa-electron,Lime Cordial - Roses,XL,$3.85
Mercedes-Benz,jcb,Onion - Dried,M,$3.92
Ford,laser,Muffin - Mix - Strawberry Rhubarb,2XL,$7.18
Porsche,mastercard,"Cookies - Oreo, 4 Pack",S,$6.73
Ford,diners-club-enroute,Ice Cream - Vanilla,XL,$4.40
Pontiac,jcb,Longos - Burritos,XS,$8.00
Audi,mastercard,Beef - Inside Round,3XL,$4.74
Toyota,maestro,"Fish - Base, Bouillion",XS,$4.21
Jensen,jcb,"Flour - Bran, Red",L,$4.60
Mercedes-Benz,diners-club-enroute,Kellogs Raisan Bran Bars,L,$2.46
Chevrolet,jcb,Buffalo - Short Rib Fresh,2XL,$8.65
Land Rover,china-unionpay,Pie Pecan,2XL,$5.41
Ferrari,jcb,"Bread - White, Unsliced",2XL,$0.00
Mercedes-Benz,solo,Assorted Desserts,XS,$4.31
Mitsubishi,jcb,Pork - Side Ribs,3XL,$6.60
Toyota,diners-club-carte-blanche,"Salmon - Atlantic, No Skin",XS,$9.17
Dodge,bankcard,Neckerchief Blck,L,$4.11
Saab,maestro,Easy Off Oven Cleaner,M,$5.66
Saab,maestro,Carroway Seed,XL,$1.83
